Iteration,Density
.00664004
10,0.00584976
10,0.00525237
10,0.00473268
10,0.00424351
10,0.00377278
10,0.00331795
10,0.0028817
10,0.00249321
10,0.00220903
10,0.00207308
10,0.00209931
10,0.00227675
10,0.00256258
10,0.00289508
10,0.00322431
10,0.00352192
10,0.00377465
10,0.00397758
10,0.00413026
10,0.0042349
10,0.0042952
10,0.00431592
10,0.00430265
10,0.00426155
10,0.00419916
10,0.00412227
10,0.00403758
10,0.00395166
10,0.00387044
10,0.00379901
10,0.00374125
10,0.00369963
10,0.00367502
10,0.00366685
10,0.0036733
10,0.0036917
10,0.00371888
10,0.00375164
10,0.00378699
10,0.00382233
10,0.00385558
10,0.00388526
10,0.00391036
10,0.00393036
10,0.00394513
10,0.00395492
10,0.00396019
10,0.00396164
10,0.00396002
10,0.00395616
10,0.00395091
10,0.00394503
10,0.00393923
10,0.00393402
10,0.00392988
10,0.00392709
10,0.00392581
10,0.00392609
10,0.00392785
10,0.00393097
10,0.00393523
10,0.00394042
10,0.00394628
10,0.00395258
10,0.00395911
10,0.00396569
10,0.00397219
10,0.00397849
10,0.00398453
10,0.0039903
10,0.0039958
10,0.0040011
10,0.00400623
10,0.00401128
10,0.00401632
10,0.00402146
10,0.00402678
10,0.00403235
10,0.00403824
10,0.00404453
10,0.00405127
10,0.0040585
10,0.00406625
10,0.00407457
10,0.00408348
10,0.00409301
10,0.00410318
10,0.00411401
10,0.00412555
10,0.00413781
10,0.00415087
10,0.00416475
10,0.00417952
10,0.00419525
10,0.004212
10,0.00422987
10,0.00424895
10,0.00426935
10,0.00429116
10,0.0043145
10,0.00433949
10,0.00436627
10,0.00439494
10,0.00442565
10,0.00445848
10,0.0044936
10,0.0045311
10,0.00457109
10,0.00461366
10,0.00465883
10,0.00470669
10,0.00475723
10,0.00481039
10,0.00486613
10,0.0049243
10,0.00498469
10,0.0050471
10,0.0051112
10,0.00517658
10,0.00524291
10,0.00530965
10,0.00537635
10,0.00544249
10,0.00550753
10,0.00557097
10,0.0056323
10,0.00569106
10,0.00574682
10,0.00579921
10,0.00584797
10,0.00589281
10,0.00593356
10,0.00597006
10,0.00600218
10,0.00602987
10,0.006053
10,0.00607157
10,0.0060855
10,0.00609497
10,0.00610026
10,0.00610208
10,0.00610171
10,0.00610103
10,0.00610253
10,0.00610886
10,0.00612239
10,0.00614453
10,0.00617553
10,0.00621443
10,0.00625927
10,0.00630765
10,0.0063569
10,0.0064046
10,0.0064488
10,0.00648809
10,0.00652177
10,0.00654974
10,0.00657245
10,0.00659078
10,0.00660589
10,0.00661914
10,0.00663175
10,0.00664491
10,0.00665955
10,0.00667625
10,0.00669535
10,0.00671686
10,0.00674052
10,0.00676593
10,0.00679245
10,0.00681949
10,0.00684647
10,0.00687286
10,0.00689825
10,0.00692231
10,0.00694495
10,0.00696613
10,0.00698594
10,0.00700463
10,0.00702234
10,0.00703943
10,0.00705613
10,0.00707264
10,0.00708927
10,0.00710613
10,0.00712329
10,0.00714086
10,0.00715879
10,0.00717709
10,0.00719564
10,0.00721439
10,0.00723315
10,0.00725191
10,0.00727058
10,0.00728903
10,0.00730729
10,0.00732533
10,0.00734316
10,0.00736075
10,0.00737819
10,0.00739552
10,0.00741282
10,0.00743009
10,0.00744742
10,0.00746485
10,0.00748247
10,0.00750021
10,0.00751824
10,0.00753649
10,0.00755505
10,0.00757391
10,0.00759311
10,0.00761261
10,0.00763246
10,0.00765273
10,0.00767337
10,0.00769448
10,0.00771601
10,0.00773806
10,0.00776066
10,0.00778386
10,0.00780775
10,0.00783238
10,0.00785776
10,0.00788408
10,0.00791137
10,0.00793974
10,0.00796926
10,0.00800009
10,0.00803223
10,0.00806593
10,0.00810123
10,0.00813832
10,0.00817731
10,0.00821841
10,0.00826175
10,0.00830763
10,0.00835614
10,0.00840754
10,0.00846208
10,0.00852002
10,0.0085816
10,0.00864705
10,0.00871673
10,0.00879093
10,0.00886989
10,0.00895393
10,0.00904321
10,0.00913813
10,0.00923871
10,0.00934514
10,0.00945753
10,0.00957575
10,0.00969969
10,0.00982908
10,0.00996367
10,0.0101028
10,0.0102459
10,0.0103922
10,0.0105409
10,0.0106911
10,0.0108417
10,0.0109916
10,0.0111399
10,0.0112856
10,0.0114274
10,0.0115645
10,0.0116958
10,0.0118204
10,0.0119372
10,0.0120454
10,0.0121438
10,0.0122313
10,0.0123068
10,0.0123693
10,0.012418
10,0.012453
10,0.0124758
10,0.0124897
10,0.0125003
10,0.012515
10,0.0125411
10,0.0125841
10,0.0126465
10,0.0127272
10,0.0128222
10,0.0129257
10,0.0130315
10,0.0131334
10,0.0132264
10,0.0133067
10,0.013372
10,0.0134219
10,0.0134571
10,0.0134798
10,0.0134924
10,0.0134984
10,0.0135011
10,0.0135036
10,0.0135085
10,0.0135176
10,0.0135323
10,0.0135526
10,0.0135784
10,0.0136086
10,0.013642
10,0.0136771
10,0.0137126
10,0.0137472
10,0.01378
10,0.0138106
10,0.0138386
10,0.0138645
10,0.0138887
10,0.013912
10,0.0139352
10,0.0139592
10,0.0139849
10,0.0140128
10,0.0140436
10,0.0140774
10,0.0141145
10,0.0141546
10,0.0141976
10,0.0142433
10,0.0142913
10,0.0143414
10,0.0143935
10,0.0144476
10,0.0145038
10,0.0145623
10,0.0146235
10,0.0146878
10,0.0147559
10,0.0148282
10,0.0149054
10,0.014988
10,0.0150765
10,0.0151714
10,0.0152729
10,0.0153814
10,0.0154968
10,0.0156193
10,0.0157486
10,0.0158846
10,0.0160268
10,0.016175
10,0.0163285
10,0.0164864
10,0.0166483
10,0.0168128
10,0.0169794
10,0.0171465
10,0.0173131
10,0.0174781
10,0.0176397
10,0.017797
10,0.0179482
10,0.0180919
10,0.0182265
10,0.0183506
10,0.0184624
10,0.0185601
10,0.0186422
10,0.0187072
10,0.0187539
10,0.0187819
10,0.0187919
10,0.0187866
10,0.0187711
10,0.0187525
10,0.0187393
10,0.0187393
10,0.0187581
10,0.0187974
10,0.0188563
10,0.0189307
10,0.0190154
10,0.0191041
10,0.0191915
10,0.0192724
10,0.0193432
10,0.0194019
10,0.019448
10,0.019482
10,0.0195057
10,0.0195216
10,0.0195328
10,0.0195423
10,0.0195528
10,0.0195669
10,0.019586
10,0.0196114
10,0.0196431
10,0.019681
10,0.0197237
10,0.0197701
10,0.0198188
10,0.0198682
10,0.0199168
10,0.0199634
10,0.0200072
10,0.020048
10,0.0200855
10,0.0201199
10,0.0201516
10,0.0201814
10,0.0202098
10,0.0202377
10,0.0202658
10,0.0202948
10,0.0203247
10,0.020356
10,0.020389
10,0.0204235
10,0.0204591
10,0.0204959
10,0.0205333
10,0.0205712
10,0.0206091
10,0.0206468
10,0.0206842
10,0.0207209
10,0.0207572
10,0.0207929
10,0.0208282
10,0.0208631
10,0.0208976
10,0.0209322
10,0.0209671
10,0.021002
10,0.0210374
10,0.0210733
10,0.0211096
10,0.0211465
10,0.0211839
10,0.0212219
10,0.0212605
10,0.0212995
10,0.0213391
10,0.021379
10,0.0214193
10,0.0214601
10,0.021501
10,0.0215426
10,0.0215844
10,0.0216269
10,0.02167
10,0.0217137
10,0.0217581
10,0.0218033
10,0.0218492
10,0.0218964
10,0.0219443
10,0.0219936
10,0.0220439
10,0.0220953
10,0.0221482
10,0.0222026
10,0.0222584
10,0.0223157
10,0.0223748
10,0.0224358
10,0.0224989
10,0.0225638
10,0.022631
10,0.0227008
10,0.0227732
10,0.0228483
10,0.0229266
10,0.0230081
10,0.0230932
10,0.0231821
10,0.0232751
10,0.0233726
10,0.023475
10,0.0235825
10,0.0236956
10,0.0238147
10,0.0239399
10,0.0240722
10,0.0242116
10,0.0243588
10,0.024514
10,0.0246781
10,0.0248509
10,0.025033
10,0.0252248
10,0.0254265
10,0.0256377
10,0.0258592
10,0.0260898
10,0.0263298
10,0.0265782
10,0.0268342
10,0.0270968
10,0.0273648
10,0.0276364
10,0.0279106
10,0.0281854
10,0.0284588
10,0.0287294
10,0.0289954
10,0.029255
10,0.0295063
10,0.0297481
10,0.0299787
10,0.0301964
10,0.0304003
10,0.0305884
10,0.0307591
10,0.0309112
10,0.0310425
10,0.0311519
10,0.0312383
10,0.0313021
10,0.0313461
10,0.0313762
10,0.031402
10,0.031436
10,0.0314901
10,0.0315751
10,0.031695
10,0.0318486
10,0.0320293
10,0.0322267
10,0.032429
10,0.0326245
10,0.0328029
10,0.0329572
10,0.0330827
10,0.0331777
10,0.0332438
10,0.0332844
10,0.0333048
10,0.0333112
10,0.0333095
10,0.0333065
10,0.033307
10,0.0333151
10,0.0333329
10,0.0333617
10,0.0334009
10,0.0334488
10,0.0335033
10,0.0335616
10,0.0336204
10,0.0336774
10,0.0337304
10,0.033778
10,0.0338195
10,0.0338547
10,0.0338839
10,0.0339081
10,0.0339294
10,0.0339481
10,0.0339665
10,0.0339857
10,0.0340066
10,0.0340298
10,0.034056
10,0.0340849
10,0.034116
10,0.034149
10,0.0341831
10,0.0342179
10,0.0342521
10,0.0342858
10,0.034318
10,0.034349
10,0.0343786
10,0.0344066
10,0.0344335
10,0.0344597
10,0.0344858
10,0.0345118
10,0.0345383
10,0.0345657
10,0.0345942
10,0.0346238
10,0.0346547
10,0.0346868
10,0.0347198
10,0.0347542
10,0.0347891
10,0.0348244
10,0.0348604
10,0.0348967
10,0.0349334
10,0.0349702
10,0.0350074
10,0.0350453
10,0.0350836
10,0.0351226
10,0.0351626
10,0.0352039
10,0.035246
10,0.0352902
10,0.0353356
10,0.0353831
10,0.0354322
10,0.0354833
10,0.0355361
10,0.0355911
10,0.0356481
10,0.0357074
10,0.0357687
10,0.0358323
10,0.0358981
10,0.0359668
10,0.0360383
10,0.0361124
10,0.0361896
10,0.0362697
10,0.0363538
10,0.036441
10,0.0365322
10,0.0366273
10,0.0367264
10,0.0368296
10,0.0369367
10,0.0370485
10,0.0371641
10,0.0372842
10,0.0374081
10,0.0375356
10,0.0376672
10,0.0378017
10,0.0379392
10,0.038079
10,0.0382206
10,0.0383633
10,0.0385065
10,0.0386494
10,0.0387909
10,0.0389303
10,0.0390666
10,0.0391993
10,0.0393268
10,0.039449
10,0.0395648
10,0.0396737
10,0.0397758
10,0.0398699
10,0.039957
10,0.0400365
10,0.0401091
10,0.040175
10,0.0402348
10,0.0402891
10,0.0403388
10,0.0403841
10,0.040426
10,0.0404655
10,0.0405026
10,0.040538
10,0.0405717
10,0.0406041
10,0.0406353
10,0.0406654
10,0.0406944
10,0.0407218
10,0.0407483
10,0.0407733
10,0.0407974
10,0.0408203
10,0.0408419
10,0.0408628
10,0.040883
10,0.0409028
10,0.0409223
10,0.0409416
10,0.0409609
10,0.0409804
10,0.041
10,0.0410197
10,0.0410397
10,0.0410595
10,0.0410798
10,0.0410997
10,0.0411192
10,0.0411388
10,0.0411583
10,0.0411774
10,0.0411965
10,0.0412153
10,0.0412341
10,0.0412528
10,0.0412719
10,0.0412907
10,0.0413096
10,0.0413289
10,0.0413483
10,0.0413679
10,0.0413876
10,0.0414075
10,0.0414272
10,0.0414469
10,0.0414667
10,0.0414865
10,0.041506
10,0.0415252
10,0.0415447
10,0.0415639
10,0.0415831
10,0.0416022
10,0.0416214
10,0.0416404
10,0.04166
10,0.041679
10,0.0416987
10,0.041718
10,0.0417374
10,0.0417571
10,0.0417763
10,0.0417958
10,0.0418152
10,0.0418348
10,0.0418538
10,0.0418733
10,0.0418924
10,0.0419113
10,0.0419304
10,0.0419493
10,0.0419684
10,0.041987
10,0.0420063
10,0.0420254
10,0.0420443
10,0.0420635
10,0.0420825
10,0.0421015
10,0.0421202
10,0.0421393
10,0.0421583
10,0.042177
10,0.0421958
10,0.0422145
10,0.0422331
10,0.0422518
10,0.0422701
10,0.0422885
10,0.0423068
10,0.0423253
10,0.0423435
10,0.0423617
10,0.0423797
10,0.0423976
10,0.0424157
10,0.0424334
10,0.0424512
10,0.0424689
10,0.0424861
10,0.0425031
10,0.0425202
10,0.042537
10,0.0425535
10,0.0425694
10,0.0425856
10,0.0426011
10,0.0426168
10,0.0426316
10,0.0426459
10,0.0426603
10,0.0426742
10,0.0426876
10,0.0427008
10,0.0427136
10,0.0427264
10,0.0427389
10,0.0427513
10,0.0427639
10,0.0427772
10,0.0427913
10,0.0428062
10,0.0428225
10,0.0428407
10,0.0428608
10,0.042883
10,0.0429076
10,0.0429346
10,0.0429639
10,0.0429947
10,0.043027
10,0.0430604
10,0.0430939
10,0.0431274
10,0.0431605
10,0.0431922
10,0.0432231
10,0.0432527
10,0.0432807
10,0.0433081
10,0.0433345
10,0.0433607
10,0.0433866
10,0.0434129
10,0.0434399
10,0.0434672
10,0.0434958
10,0.043525
10,0.0435555
10,0.0435863
10,0.0436181
10,0.0436501
10,0.0436822
10,0.0437147
10,0.043747
10,0.0437791
10,0.0438109
10,0.0438432
10,0.0438748
10,0.043907
10,0.0439393
10,0.0439722
10,0.0440052
10,0.0440391
10,0.0440735
10,0.0441089
10,0.044145
10,0.0441815
10,0.0442189
10,0.0442568
10,0.0442952
10,0.0443343
10,0.0443736
10,0.0444136
10,0.0444536
10,0.0444942
10,0.0445353
10,0.044577
10,0.0446191
10,0.0446619
10,0.0447055
10,0.0447498
10,0.0447947
10,0.0448407
10,0.0448873
10,0.0449348
10,0.0449832
10,0.0450325
10,0.0450828
10,0.0451338
10,0.0451855
10,0.0452384
10,0.0452918
10,0.0453464
10,0.0454015
10,0.0454577
10,0.0455147
10,0.0455729
10,0.045632
10,0.0456922
10,0.0457533
10,0.0458155
10,0.0458787
10,0.0459431
10,0.0460082
10,0.0460749
10,0.0461422
10,0.0462105
10,0.0462797
10,0.0463498
10,0.046421
10,0.0464925
10,0.0465651
10,0.0466379
10,0.0467116
10,0.0467855
10,0.0468591
10,0.0469334
10,0.0470074
10,0.0470809
10,0.0471545
10,0.0472269
10,0.0472992
10,0.0473712
10,0.0474432
10,0.0475164
10,0.0475915
10,0.0476701
10,0.0477543
10,0.0478455
10,0.0479456
10,0.0480558
10,0.0481757
10,0.0483056
10,0.0484435
10,0.0485877
10,0.0487359
10,0.0488856
10,0.0490349
10,0.049182
10,0.0493261
10,0.0494669
10,0.0496047
10,0.0497401
10,0.0498744
10,0.0500094
10,0.0501462
10,0.0502866
10,0.050431
10,0.0505811
10,0.0507369
10,0.0508989
10,0.0510663
10,0.0512381
10,0.0514143
10,0.0515934
10,0.0517748
10,0.0519573
10,0.0521395
10,0.0523212
10,0.0525014
10,0.0526796
10,0.0528552
10,0.0530284
10,0.053199
10,0.0533661
10,0.0535303
10,0.0536909
10,0.0538484
10,0.054002
10,0.0541515
10,0.054297
10,0.0544382
10,0.0545747
10,0.0547059
10,0.0548324
10,0.0549535
10,0.0550689
10,0.0551798
10,0.0552848
10,0.0553848
10,0.0554802
10,0.0555703
10,0.0556562
10,0.0557375
10,0.0558146
10,0.0558881
10,0.0559574
10,0.0560236
10,0.0560856
10,0.0561443
10,0.0561996
10,0.0562517
10,0.0563005
10,0.0563462
10,0.0563894
10,0.0564314
10,0.0564727
10,0.0565138
10,0.0565561
10,0.0566
10,0.0566463
10,0.0566941
10,0.0567434
10,0.0567933
10,0.0568418
10,0.0568882
10,0.0569306
10,0.0569691
10,0.0570023
10,0.0570317
10,0.057057
10,0.0570807
10,0.0571039
10,0.0571286
10,0.0571559
10,0.057188
10,0.0572247
10,0.0572674
10,0.057315
10,0.0573672
10,0.0574225
10,0.0574803
10,0.0575389
10,0.0575972
10,0.0576545
10,0.05771
10,0.0577633
10,0.0578145
10,0.0578634
10,0.0579103
10,0.0579557
10,0.0580007
10,0.058046
10,0.0580914
10,0.0581381
10,0.0581864
10,0.0582363
10,0.0582883
10,0.0583414
10,0.0583962
10,0.0584519
10,0.058508
10,0.0585641
10,0.05862
10,0.0586755
10,0.0587305
10,0.0587842
10,0.0588383
10,0.0588918
10,0.0589457
10,0.0590004
10,0.0590563
10,0.0591133
10,0.0591725
10,0.0592336
10,0.0592966
10,0.0593618
10,0.0594288
10,0.0594974
10,0.0595677
10,0.0596397
10,0.0597129
10,0.0597877
10,0.0598638
10,0.0599415
10,0.0600206
10,0.0601027
10,0.0601867
10,0.0602735
10,0.0603631
10,0.0604566
10,0.0605541
10,0.0606547
10,0.0607605
10,0.06087
10,0.0609834
10,0.0611011
10,0.0612224
10,0.061348
10,0.0614768
10,0.0616093
10,0.0617455
10,0.0618846
10,0.0620275
10,0.0621733
10,0.0623222
10,0.0624741
10,0.0626287
10,0.0627862
10,0.0629463
10,0.0631089
10,0.0632732
10,0.0634397
10,0.0636072
10,0.0637759
10,0.0639444
10,0.0641139
10,0.0642826
10,0.0644506
10,0.0646179
10,0.064783
10,0.0649464
10,0.0651071
10,0.0652651
10,0.0654203
10,0.0655722
10,0.065721
10,0.065868
10,0.0660133
10,0.0661591
10,0.0663062
10,0.0664561
10,0.0666091
10,0.0667642
10,0.0669215
10,0.0670789
10,0.0672345
10,0.0673864
10,0.0675317
10,0.0676693
10,0.0677971
10,0.0679142
10,0.0680211
10,0.0681171
10,0.0682035
10,0.0682809
10,0.0683513
10,0.0684159
10,0.0684763
10,0.0685347
10,0.0685934
10,0.0686542
10,0.0687187
10,0.0687891
10,0.0688646
10,0.0689457
10,0.0690299
10,0.0691175
10,0.0692063
10,0.0692949
10,0.0693834
10,0.0694707
10,0.0695582
10,0.0696448
10,0.0697313
10,0.0698168
10,0.0699012
10,0.0699838
10,0.0700649
10,0.0701434
10,0.0702191
10,0.0702936
10,0.0703657
10,0.0704358
10,0.0705051
10,0.0705739
10,0.0706423
10,0.0707107
10,0.0707796
10,0.070849
10,0.0709186
10,0.0709886
10,0.0710591
10,0.0711294
10,0.0711994
10,0.0712687
10,0.0713376
10,0.0714049
10,0.0714709
10,0.0715351
10,0.0715974
10,0.071658
10,0.0717168
10,0.0717726
10,0.071827
10,0.0718801
10,0.0719327
10,0.0719859
10,0.0720403
10,0.0720974
10,0.0721582
10,0.0722226
10,0.0722907
10,0.0723617
10,0.0724347
10,0.072508
10,0.0725808
10,0.0726512
10,0.0727184
10,0.0727821
10,0.0728411
10,0.0728966
10,0.0729472
10,0.072995
10,0.0730393
10,0.0730813
10,0.0731213
10,0.0731602
10,0.0731975
10,0.0732339
10,0.0732692
10,0.0733045
10,0.0733382
10,0.0733707
10,0.0734028
10,0.0734348
10,0.0734673
10,0.073501
10,0.0735371
10,0.0735754
10,0.0736163
10,0.0736602
10,0.0737055
10,0.0737508
10,0.0737956
10,0.073839
10,0.0738794
10,0.0739171
10,0.0739518
10,0.0739831
10,0.074011
10,0.074037
10,0.0740602
10,0.0740823
10,0.0741037
10,0.0741256
10,0.0741466
10,0.0741691
10,0.0741921
10,0.074216
10,0.0742412
10,0.0742663
10,0.0742923
10,0.074318
10,0.0743436
10,0.074369
10,0.0743937
10,0.0744178
10,0.0744403
10,0.0744625
10,0.0744837
10,0.0745043
10,0.074524
10,0.0745439
10,0.074563
10,0.0745823
10,0.074601
10,0.0746199
10,0.0746385
10,0.074658
10,0.0746765
10,0.0746955
10,0.0747145
10,0.074734
10,0.0747535
10,0.0747726
10,0.0747911
10,0.0748095
10,0.0748279
10,0.0748461
10,0.0748641
10,0.0748822
10,0.0748993
10,0.074917
10,0.0749344
10,0.0749514
10,0.0749683
10,0.0749854
10,0.0750024
10,0.0750194
10,0.0750361
10,0.0750532
10,0.0750703
10,0.0750872
10,0.0751039
10,0.0751209
10,0.0751375
10,0.0751548
10,0.0751716
10,0.075188
10,0.0752047
10,0.0752215
10,0.0752379
10,0.0752552
10,0.0752716
10,0.0752878
10,0.0753049
10,0.0753215
10,0.0753388
10,0.075355
10,0.0753724
10,0.0753892
10,0.0754063
10,0.0754233
10,0.0754407
10,0.0754582
10,0.0754758
10,0.0754937
10,0.0755113
10,0.075529
10,0.0755471
10,0.0755657
10,0.0755843
10,0.0756031
10,0.0756218
10,0.0756407
10,0.07566
10,0.0756797
10,0.0756997
10,0.07572
10,0.0757405
10,0.0757617
10,0.0757832
10,0.0758051
10,0.0758271
10,0.07585
10,0.0758734
10,0.0758973
10,0.0759218
10,0.0759472
10,0.0759728
10,0.0759992
10,0.0760267
10,0.0760546
10,0.0760832
10,0.0761133
10,0.0761443
10,0.0761754
10,0.0762087
10,0.0762422
10,0.0762771
10,0.0763138
10,0.0763511
10,0.0763895
10,0.0764295
10,0.0764705
10,0.0765136
10,0.0765575
10,0.0766027
10,0.0766496
10,0.0766975
10,0.0767469
10,0.0767983
10,0.0768495
10,0.0769026
10,0.0769565
10,0.0770111
10,0.0770662
10,0.0771222
10,0.0771786
10,0.0772347
10,0.0772919
10,0.0773484
10,0.077405
10,0.0774613
10,0.0775168
10,0.077572
10,0.0776265
10,0.0776802
10,0.0777328
10,0.0777851
10,0.0778355
10,0.0778854
10,0.0779344
10,0.0779816
10,0.0780286
10,0.0780728
10,0.0781171
10,0.0781591
10,0.0782003
10,0.0782397
10,0.0782771
10,0.0783134
10,0.0783489
10,0.0783839
10,0.0784192
10,0.0784557
10,0.078495
10,0.0785381
10,0.0785856
10,0.078638
10,0.078696
10,0.0787596
10,0.0788268
10,0.078899
10,0.0789737
10,0.0790483
10,0.0791244
10,0.0791966
10,0.079267
10,0.0793335
10,0.0793962
10,0.0794547
10,0.0795097
10,0.0795624
10,0.0796116
10,0.0796598
10,0.0797067
10,0.0797528
10,0.0797984
10,0.0798442
10,0.0798893
10,0.0799336
10,0.0799777
10,0.0800215
10,0.0800657
10,0.0801108
10,0.080158
10,0.0802069
10,0.0802595
10,0.0803132
10,0.0803688
10,0.0804242
10,0.0804787
10,0.0805296
10,0.0805775
10,0.0806208
10,0.0806585
10,0.0806909
10,0.0807183
10,0.0807401
10,0.0807578
10,0.0807708
10,0.080781
10,0.080788
10,0.0807941
10,0.0808005
10,0.0808073
10,0.080817
10,0.0808311
10,0.0808494
10,0.0808716
10,0.080898
10,0.0809275
10,0.080958
10,0.080988
10,0.0810166
10,0.081042
10,0.0810629
10,0.0810799
10,0.0810927
10,0.0811011
10,0.0811061
10,0.0811092
10,0.0811099
10,0.08111
10,0.0811104
10,0.0811114
10,0.0811137
10,0.081118
10,0.0811239
10,0.0811309
10,0.0811399
10,0.0811492
10,0.0811598
10,0.0811703
10,0.0811799
10,0.0811891
10,0.0811973
10,0.0812052
10,0.0812115
10,0.0812168
10,0.0812212
10,0.0812247
10,0.0812277
10,0.0812306
10,0.0812328
10,0.081236
10,0.0812388
10,0.0812425
10,0.0812466
10,0.0812504
10,0.0812546
10,0.0812596
10,0.0812647
10,0.0812696
10,0.081275
10,0.0812794
10,0.081284
10,0.0812887
10,0.0812926
10,0.0812963
10,0.0812997
10,0.0813033
10,0.0813065
10,0.0813098
10,0.0813126
10,0.0813152
10,0.0813184
10,0.0813216
10,0.0813246
10,0.0813279
10,0.0813315
10,0.0813347
10,0.0813383
10,0.0813411
10,0.0813448
10,0.0813481
10,0.0813514
10,0.0813542
10,0.0813572
10,0.0813603
10,0.0813635
10,0.0813666
10,0.0813692
10,0.0813721
10,0.0813746
10,0.0813774
10,0.08138
10,0.0813828
10,0.0813856
10,0.0813881
10,0.0813903
10,0.0813929
10,0.0813957
10,0.0813985
10,0.0814007
10,0.0814035
10,0.0814063
10,0.0814088
10,0.081411
10,0.0814132
10,0.0814161
10,0.0814186
10,0.0814206
10,0.0814232
10,0.0814254
10,0.0814278
10,0.0814301
10,0.0814321
10,0.0814351
10,0.0814371
10,0.08144
10,0.0814418
10,0.0814439
10,0.0814464
10,0.0814483
10,0.0814506
10,0.0814528
10,0.0814551
10,0.0814569
10,0.0814589
10,0.0814616
10,0.0814631
10,0.0814655
10,0.0814674
10,0.0814697
10,0.0814716
10,0.0814737
10,0.0814759
10,0.081478
10,0.0814801
10,0.0814819
10,0.0814842
10,0.0814858
10,0.0814875
10,0.08149
10,0.0814919
10,0.0814938
10,0.0814959
10,0.0814976
10,0.0814997
10,0.0815013
10,0.0815033
10,0.0815053
10,0.0815071
10,0.081509
10,0.0815109
10,0.0815127
10,0.0815149
10,0.0815165
10,0.0815184
10,0.0815203
10,0.0815222
10,0.0815239
10,0.0815262
10,0.0815275
10,0.0815294
10,0.0815311
10,0.0815329
10,0.0815348
10,0.0815367
10,0.0815388
10,0.0815401
10,0.0815417
10,0.0815435
10,0.0815451
10,0.0815471
10,0.0815489
10,0.0815508
10,0.0815525
10,0.0815541
10,0.0815559
10,0.0815576
10,0.0815596
10,0.0815614
10,0.0815628
10,0.0815651
10,0.0815667
10,0.0815683
10,0.08157
10,0.0815722
10,0.0815733
10,0.0815748
10,0.0815772
10,0.0815789
10,0.0815808
10,0.0815826
10,0.0815844
10,0.0815861
10,0.0815881
10,0.0815898
10,0.0815913
10,0.0815932
10,0.0815949
10,0.081597
10,0.0815981
10,0.0816001
10,0.0816021
10,0.081604
10,0.0816058
10,0.0816074
10,0.0816092
10,0.0816109
10,0.0816129
10,0.0816144
10,0.0816162
10,0.0816181
10,0.0816202
10,0.0816219
10,0.0816239
10,0.0816257
10,0.0816273
10,0.081629
10,0.0816315
10,0.0816335
10,0.0816349
10,0.0816368
10,0.0816392
10,0.081641
10,0.0816431
10,0.0816449
10,0.0816472
10,0.0816492
10,0.0816511
10,0.081653
10,0.081655
10,0.0816568
10,0.081659
10,0.081661
10,0.0816632
10,0.0816652
10,0.0816677
10,0.0816697
10,0.0816719
10,0.0816741
10,0.0816762
10,0.0816787
10,0.0816808
10,0.0816831
10,0.0816853
10,0.0816879
10,0.08169
10,0.0816921
10,0.0816949
10,0.0816968
10,0.0816998
10,0.0817019
10,0.0817046
10,0.0817075
10,0.0817099
10,0.0817124
10,0.081715
10,0.0817182
10,0.0817207
10,0.0817238
10,0.0817265
10,0.0817293
10,0.0817323
10,0.0817354
10,0.0817388
10,0.0817418
10,0.0817449
10,0.0817483
10,0.0817515
10,0.0817548
10,0.0817581
10,0.0817619
10,0.0817657
10,0.0817693
10,0.0817729
10,0.0817772
10,0.0817809
10,0.0817847
10,0.0817892
10,0.0817936
10,0.081798
10,0.0818025
10,0.0818069
10,0.0818119
10,0.0818168
10,0.0818218
10,0.0818271
10,0.0818326
10,0.0818384
10,0.0818442
10,0.0818502
10,0.081856
10,0.081862
10,0.0818689
10,0.0818757
10,0.0818828
10,0.0818904
10,0.081898
10,0.0819053
10,0.0819134
10,0.0819221
10,0.0819308
10,0.0819398
10,0.0819486
10,0.0819581
10,0.0819678
10,0.0819785
10,0.0819892
10,0.0819999
10,0.082011
10,0.0820229
10,0.082035
10,0.0820472
10,0.0820598
10,0.0820726
10,0.0820856
10,0.0820992
10,0.0821136
10,0.0821273
10,0.0821414
10,0.0821564
10,0.0821709
10,0.0821865
10,0.0822012
10,0.0822164
10,0.0822319
10,0.0822475
10,0.0822627
10,0.082278
10,0.082294
10,0.0823095
10,0.0823252
10,0.0823404
10,0.0823558
10,0.0823714
10,0.0823868
10,0.0824016
10,0.0824167
10,0.082431
10,0.0824459
10,0.0824603
10,0.0824745
10,0.0824887
10,0.0825016
10,0.0825146
10,0.0825273
10,0.0825392
10,0.0825506
10,0.0825617
10,0.0825722
10,0.082582
10,0.0825923
10,0.0826028
10,0.0826134
10,0.0826244
10,0.0826365
10,0.0826503
10,0.0826645
10,0.0826801
10,0.0826959
10,0.0827116
10,0.0827273
10,0.0827426
10,0.082757
10,0.0827697
10,0.0827814
10,0.0827918
10,0.0828016
10,0.0828098
10,0.082817
10,0.0828245
10,0.0828317
10,0.0828382
10,0.0828454
10,0.0828529
10,0.0828608
10,0.0828689
10,0.0828779
10,0.0828887
10,0.0828992
10,0.0829111
10,0.0829244
10,0.0829383
10,0.0829535
10,0.0829693
10,0.082985
10,0.0830005
10,0.0830154
10,0.0830292
10,0.0830418
10,0.0830544
10,0.0830653
10,0.0830751
10,0.0830837
10,0.0830929
10,0.0831007
10,0.0831089
10,0.0831169
10,0.0831246
10,0.0831328
10,0.0831413
10,0.0831501
10,0.0831585
10,0.0831667
10,0.0831747
10,0.0831818
10,0.0831891
10,0.0831958
10,0.0832012
10,0.0832063
10,0.08321
10,0.0832138
10,0.0832171
10,0.0832194
10,0.0832221
10,0.0832242
10,0.0832264
10,0.0832293
10,0.0832334
10,0.083239
10,0.0832457
10,0.0832548
10,0.083265
10,0.0832752
10,0.0832872
10,0.0832993
10,0.0833106
10,0.0833215
10,0.083332
10,0.0833415
10,0.0833499
10,0.0833574
10,0.0833647
10,0.0833717
10,0.083378
10,0.0833843
10,0.0833911
10,0.0833988
10,0.083407
10,0.0834153
10,0.0834248
10,0.0834343
10,0.0834442
10,0.0834541
10,0.0834646
10,0.083475
10,0.0834843
10,0.0834939
10,0.0835028
10,0.0835114
10,0.0835186
10,0.0835264
10,0.0835334
10,0.0835402
10,0.0835467
10,0.0835525
10,0.0835586
10,0.0835644
10,0.0835697
10,0.0835751
10,0.0835807
10,0.0835853
10,0.08359
10,0.0835944
10,0.083598
10,0.0836015
10,0.0836045
10,0.0836068
10,0.0836086
10,0.0836103
10,0.083611
10,0.083611
10,0.0836109
10,0.0836103
10,0.0836091
10,0.0836081
10,0.0836072
10,0.0836065
10,0.0836067
10,0.0836083
10,0.0836109
10,0.0836145
10,0.0836191
10,0.0836246
10,0.0836304
10,0.0836362
10,0.0836413
10,0.0836462
10,0.0836497
10,0.0836529
10,0.0836544
10,0.0836554
10,0.0836558
10,0.0836552
10,0.0836548
10,0.083654
10,0.0836538
10,0.0836538
10,0.083654
10,0.0836549
10,0.0836557
10,0.0836577
10,0.0836594
10,0.0836615
10,0.0836635
10,0.083665
10,0.0836668
10,0.0836683
10,0.0836692
10,0.08367
10,0.0836709
10,0.083671
10,0.0836715
10,0.0836716
10,0.0836717
10,0.0836722
10,0.0836722
10,0.0836725
10,0.0836727
10,0.0836736
10,0.0836747
10,0.0836758
10,0.0836767
10,0.0836772
10,0.0836782
10,0.083679
10,0.0836804
10,0.0836813
10,0.0836818
10,0.0836818
10,0.0836824
10,0.083684
10,0.0836841
10,0.083684
10,0.0836848
10,0.083685
10,0.0836859
10,0.0836864
10,0.083687
10,0.0836877
10,0.0836881
10,0.0836887
10,0.08369
10,0.0836904
10,0.0836913
10,0.0836919
10,0.0836926
10,0.0836933
10,0.0836941
10,0.0836941
10,0.0836953
10,0.0836957
10,0.0836961
10,0.0836965
10,0.0836969
10,0.0836978
10,0.0836984
10,0.0836987
10,0.0836998
10,0.0837002
10,0.0837009
10,0.0837017
10,0.0837026
10,0.0837031
10,0.0837036
10,0.083704
10,0.083705
10,0.0837055
10,0.0837064
10,0.0837066
10,0.0837076
10,0.083708
10,0.0837088
10,0.0837093
10,0.0837101
10,0.0837107
10,0.0837108
10,0.0837118
10,0.0837123
10,0.0837131
10,0.0837137
10,0.0837146
10,0.0837151
10,0.0837152
10,0.0837164
10,0.0837167
10,0.0837176
10,0.0837176
10,0.0837186
10,0.0837191
10,0.0837202
10,0.0837207
10,0.0837212
10,0.0837221
10,0.0837226
10,0.0837232
10,0.0837237
10,0.083724
10,0.083725
10,0.0837259
10,0.0837269
10,0.083727
10,0.0837277
10,0.0837283
10,0.0837285
10,0.0837292
10,0.0837301
10,0.0837308
10,0.083731
10,0.0837322
10,0.0837328
10,0.0837333
10,0.083734
10,0.0837349
10,0.0837351
10,0.0837358
10,0.0837362
10,0.0837376
10,0.0837381
10,0.0837386
10,0.083739
10,0.0837398
10,0.0837403
10,0.0837407
10,0.0837412
10,0.0837422
10,0.0837422
10,0.0837433
10,0.0837442
10,0.0837447
10,0.0837452
10,0.083746
10,0.0837465
10,0.0837469
10,0.083748
10,0.0837483
10,0.0837489
10,0.0837495
10,0.0837501
10,0.0837508
10,0.0837515
10,0.0837522
10,0.083753
10,0.0837539
10,0.0837542
10,0.0837546
10,0.083755
10,0.0837556
10,0.0837564
10,0.0837575
10,0.0837578
10,0.0837586
10,0.083759
10,0.0837597
10,0.0837603
10,0.0837606
10,0.0837616
10,0.0837618
10,0.0837625
10,0.0837633
10,0.0837639
10,0.0837644
10,0.0837647
10,0.0837655
10,0.083766
10,0.0837671
10,0.0837671
10,0.0837676
10,0.0837684
10,0.0837692
10,0.0837699
10,0.0837701
10,0.0837707
10,0.0837712
10,0.0837716
10,0.0837723
10,0.0837735
10,0.0837741
10,0.0837747
10,0.0837754
10,0.0837756
10,0.0837763
10,0.0837768
10,0.0837774
10,0.0837782
10,0.0837786
10,0.0837791
10,0.08378
10,0.0837804
10,0.0837812
10,0.0837812
10,0.0837822
10,0.0837825
10,0.083783
10,0.0837841
10,0.0837846
10,0.0837854
10,0.0837861
10,0.0837862
10,0.0837869
10,0.0837872
10,0.0837878
10,0.0837883
10,0.083789
10,0.0837897
10,0.0837903
10,0.0837907
10,0.0837907
10,0.0837916
10,0.0837923
10,0.0837927
10,0.0837938
10,0.083794
10,0.0837943
10,0.0837952
10,0.0837952
10,0.0837963
10,0.0837966
10,0.083797
10,0.0837978
10,0.0837985
10,0.0837987
10,0.0837991
10,0.0838004
10,0.0838005
10,0.0838011
10,0.0838017
10,0.0838024
10,0.0838032
10,0.0838036
10,0.0838041
10,0.0838052
10,0.083805
10,0.0838054
10,0.0838062
10,0.0838062
10,0.0838069
10,0.0838075
10,0.0838083
10,0.0838089
10,0.0838093
10,0.0838099
10,0.0838104
10,0.0838106
10,0.0838116
10,0.0838117
10,0.0838121
10,0.0838128
10,0.0838134
10,0.0838138
10,0.0838145
10,0.0838149
10,0.0838154
10,0.0838164
10,0.0838167
10,0.083817
10,0.0838176
10,0.0838179
10,0.0838182
10,0.0838194
10,0.0838195
10,0.0838205
10,0.0838207
10,0.0838212
10,0.0838216
10,0.0838222
10,0.0838222
10,0.0838231
10,0.0838237
10,0.0838238
10,0.083825
10,0.083825
10,0.0838257
10,0.0838262
10,0.0838268
10,0.083827
10,0.0838275
10,0.0838278
10,0.0838287
10,0.083829
10,0.0838299
10,0.0838304
10,0.0838306
10,0.0838315
10,0.0838315
10,0.0838323
10,0.0838324
10,0.0838329
10,0.0838335
10,0.0838337
10,0.0838346
10,0.0838346
10,0.0838357
10,0.0838354
10,0.0838363
10,0.0838368
10,0.0838372
10,0.0838376
10,0.0838378
10,0.0838383
10,0.0838389
10,0.0838393
10,0.0838399
10,0.0838402
10,0.0838407
10,0.0838415
10,0.0838414
10,0.0838421
10,0.0838423
10,0.0838433
10,0.0838438
10,0.0838443
10,0.0838449
10,0.0838452
10,0.0838459
10,0.0838458
10,0.0838467
10,0.0838469
10,0.0838478
10,0.0838475
10,0.0838481
10,0.0838487
10,0.0838493
10,0.0838496
10,0.0838501
10,0.0838506
10,0.0838514
10,0.0838512
10,0.0838522
10,0.0838524
10,0.0838529
10,0.0838532
10,0.083854
10,0.0838543
10,0.0838541
10,0.083855
10,0.0838554
10,0.0838557
10,0.0838562
10,0.0838567
10,0.0838569
10,0.0838577
10,0.083858
10,0.0838584
10,0.0838589
10,0.0838596
10,0.0838598
10,0.0838603
10,0.0838606
10,0.0838611
10,0.0838619
10,0.0838621
10,0.0838626
10,0.0838628
10,0.0838633
10,0.0838636
10,0.0838639
10,0.0838642
10,0.0838647
10,0.083865
10,0.0838657
10,0.0838663
10,0.0838664
10,0.0838669
10,0.0838676
10,0.0838677
10,0.0838684
10,0.0838684
10,0.0838692
10,0.0838695
10,0.0838702
10,0.0838706
10,0.0838709
10,0.0838713
10,0.0838717
10,0.0838716
10,0.0838721
10,0.0838726
10,0.0838731
10,0.0838736
10,0.0838739
10,0.0838744
10,0.0838752
10,0.0838754
10,0.0838761
10,0.0838763
10,0.0838768
10,0.0838769
10,0.0838771
10,0.0838776
10,0.0838782
10,0.0838788
10,0.0838789
10,0.0838799
10,0.08388
10,0.0838803
10,0.083881
10,0.0838813
10,0.0838818
10,0.0838825
10,0.0838828
10,0.0838829
10,0.0838832
10,0.0838839
10,0.0838846
10,0.0838846
10,0.083885
10,0.0838855
10,0.0838863
10,0.0838871
10,0.083887
10,0.0838874
10,0.0838878
10,0.0838884
10,0.0838888
10,0.083889
10,0.0838894
10,0.0838899
10,0.0838902
10,0.0838904
10,0.083891
10,0.0838915
10,0.083892
10,0.083893
10,0.0838932
10,0.0838937
10,0.0838937
10,0.083894
10,0.0838944
10,0.0838948
10,0.0838955
10,0.0838958
10,0.0838964
10,0.0838968
10,0.0838971
10,0.0838976
10,0.0838979
10,0.0838987
10,0.083899
10,0.0838996
10,0.0838999
10,0.0839005
10,0.0839008
10,0.0839011
10,0.083902
10,0.0839021
10,0.0839028
10,0.0839031
10,0.0839032
10,0.0839041
10,0.0839045
10,0.0839053
10,0.083906
10,0.0839062
10,0.0839066
10,0.0839071
10,0.0839078
10,0.0839085
10,0.0839086
10,0.0839095
10,0.08391
10,0.0839105
10,0.0839109
10,0.0839116
10,0.0839118
10,0.0839125
10,0.0839126
10,0.0839132
10,0.0839137
10,0.0839145
10,0.0839149
10,0.0839156
10,0.0839159
10,0.0839164
10,0.0839168
10,0.0839177
10,0.0839185
10,0.0839191
10,0.0839194
10,0.0839203
10,0.0839211
10,0.0839216
10,0.0839223
10,0.0839227
10,0.0839237
10,0.0839247
10,0.0839249
10,0.0839256
10,0.0839264
10,0.0839273
10,0.0839277
10,0.0839285
10,0.0839294
10,0.0839302
10,0.0839304
10,0.0839312
10,0.0839324
10,0.0839328
10,0.0839339
10,0.0839345
10,0.0839356
10,0.0839363
10,0.0839369
10,0.0839377
10,0.0839388
10,0.0839398
10,0.0839406
10,0.0839419
10,0.0839428
10,0.0839437
10,0.0839447
10,0.0839458
10,0.0839465
10,0.0839476
10,0.083949
10,0.08395
10,0.0839508
10,0.083952
10,0.0839532
10,0.0839548
10,0.0839562
10,0.083957
10,0.0839587
10,0.0839601
10,0.0839616
10,0.0839628
10,0.0839646
10,0.083966
10,0.0839676
10,0.0839693
10,0.0839707
10,0.0839726
10,0.0839744
10,0.0839764
10,0.0839787
10,0.0839802
10,0.0839818
10,0.0839845
10,0.0839866
10,0.0839887
10,0.0839912
10,0.083994
10,0.0839968
10,0.0839995
10,0.0840025
10,0.0840048
10,0.0840082
10,0.0840114
10,0.0840149
10,0.0840187
10,0.0840218
10,0.0840259
10,0.0840298
10,0.084034
10,0.0840385
10,0.0840427
10,0.0840477
10,0.0840527
10,0.0840577
10,0.0840632
10,0.0840688
10,0.0840748
10,0.0840812
10,0.0840875
10,0.0840946
10,0.0841016
10,0.0841085
10,0.0841159
10,0.0841237
10,0.0841318
10,0.0841401
10,0.0841479
10,0.0841565
10,0.0841652
10,0.0841746
10,0.0841836
10,0.0841927
10,0.0842019
10,0.0842109
10,0.0842204
10,0.0842295
10,0.0842387
10,0.0842475
10,0.0842566
10,0.084265
10,0.084274
10,0.0842821
10,0.0842903
10,0.0842976
10,0.0843048
10,0.0843121
10,0.0843184
10,0.084325
10,0.0843307
10,0.0843364
10,0.0843408
10,0.084345
10,0.084349
10,0.0843521
10,0.084355
10,0.0843564
10,0.0843573
10,0.0843577
10,0.0843571
10,0.0843557
10,0.0843545
10,0.0843529
10,0.0843515
10,0.0843511
10,0.0843518
10,0.084354
10,0.0843576
10,0.084363
10,0.0843696
10,0.0843763
10,0.084383
10,0.0843895
10,0.0843949
10,0.0843996
10,0.0844026
10,0.0844042
10,0.0844047
10,0.0844035
10,0.084402
10,0.0844
10,0.0843983
10,0.0843967
10,0.0843954
10,0.0843953
10,0.0843958
10,0.0843966
10,0.0843981
10,0.0844006
10,0.0844034
10,0.0844061
10,0.0844086
10,0.0844108
10,0.0844129
10,0.0844147
10,0.0844159
10,0.0844165
10,0.0844166
10,0.0844164
10,0.0844163
10,0.084416
10,0.0844155
10,0.0844151
10,0.084415
10,0.0844155
10,0.0844159
10,0.0844165
10,0.0844174
10,0.084419
10,0.0844198
10,0.084421
10,0.0844221
10,0.0844233
10,0.0844243
10,0.0844251
10,0.0844258
10,0.0844263
10,0.0844266
10,0.0844264
10,0.084427
10,0.0844268
10,0.0844271
10,0.0844276
10,0.0844275
10,0.0844276
10,0.0844281
10,0.0844287
10,0.0844289
10,0.0844298
10,0.0844303
10,0.0844312
10,0.084432
10,0.0844323
10,0.084433
10,0.0844335
10,0.0844335
10,0.0844344
10,0.0844349
10,0.084435
10,0.0844354
10,0.0844356
10,0.084436
10,0.0844368
10,0.0844371
10,0.0844378
10,0.0844379
10,0.0844382
10,0.0844386
10,0.0844391
10,0.0844395
10,0.0844399
10,0.0844403
10,0.0844405
10,0.0844414
10,0.0844415
10,0.084442
10,0.0844423
10,0.0844426
10,0.0844432
10,0.0844431
10,0.0844438
10,0.084444
10,0.0844444
10,0.0844446
10,0.0844448
10,0.0844453
10,0.0844457
10,0.0844459
10,0.0844465
10,0.0844468
10,0.0844472
10,0.0844474
10,0.0844473
10,0.0844478
10,0.084448
10,0.0844485
10,0.084449
10,0.0844491
10,0.0844496
10,0.0844499
10,0.0844503
10,0.0844505
10,0.084451
10,0.084451
10,0.0844514
10,0.0844518
10,0.0844519
10,0.0844526
10,0.0844527
10,0.0844528
10,0.0844533
10,0.0844535
10,0.0844541
10,0.0844541
10,0.0844544
10,0.0844545
10,0.0844551
10,0.0844552
10,0.0844553
10,0.0844556
10,0.0844557
10,0.0844564
10,0.0844566
10,0.0844568
10,0.0844568
10,0.0844575
10,0.0844577
10,0.0844579
10,0.0844582
10,0.0844583
10,0.0844587
10,0.0844591
10,0.0844591
10,0.0844595
10,0.0844597
10,0.08446
10,0.0844606
10,0.0844603
10,0.0844607
10,0.0844611
10,0.0844613
10,0.0844615
10,0.0844618
10,0.0844617
10,0.0844622
10,0.0844623
10,0.0844624
10,0.0844627
10,0.0844631
10,0.0844634
10,0.0844634
10,0.0844641
10,0.0844641
10,0.0844644
10,0.0844647
10,0.0844651
10,0.0844652
10,0.0844653
10,0.0844656
10,0.0844657
10,0.0844659
10,0.0844657
10,0.0844664
10,0.0844664
10,0.0844664
10,0.0844671
10,0.0844674
10,0.0844677
10,0.0844675
10,0.0844679
10,0.0844678
10,0.0844677
10,0.0844681
10,0.084468
10,0.0844685
10,0.0844688
10,0.0844688
10,0.0844688
10,0.0844698
10,0.0844696
10,0.0844698
10,0.08447
10,0.0844702
10,0.0844703
10,0.0844705
10,0.0844708
10,0.0844709
10,0.0844714
10,0.0844715
10,0.0844716
10,0.0844717
10,0.084472
10,0.0844723
10,0.0844723
10,0.0844725
10,0.0844724
10,0.0844727
10,0.0844731
10,0.0844733
10,0.0844734
10,0.0844734
10,0.0844737
10,0.0844744
10,0.0844746
10,0.0844748
10,0.0844751
10,0.0844752
10,0.0844751
10,0.0844755
10,0.0844757
10,0.0844756
10,0.0844759
10,0.0844763
10,0.084476
10,0.0844764
10,0.0844766
10,0.0844768
10,0.0844767
10,0.0844773
10,0.0844773
10,0.0844776
10,0.0844775
10,0.0844777
10,0.0844779
10,0.0844782
10,0.0844784
10,0.0844788
10,0.0844786
10,0.084479
10,0.0844793
10,0.0844791
10,0.0844794
10,0.0844794
10,0.0844797
10,0.08448
10,0.0844802
10,0.0844802
10,0.0844801
10,0.0844807
10,0.0844807
10,0.084481
10,0.0844807
10,0.0844811
10,0.0844813
10,0.0844812
10,0.0844813
10,0.0844818
10,0.0844816
10,0.0844817
10,0.0844819
10,0.0844822
10,0.0844824
10,0.0844828
10,0.0844826
10,0.0844828
10,0.0844831
10,0.0844832
10,0.0844833
10,0.0844832
10,0.0844834
10,0.0844837
10,0.084484
10,0.0844841
10,0.0844844
10,0.0844844
10,0.0844847
10,0.084485
10,0.0844846
10,0.0844846
10,0.084485
10,0.0844849
10,0.0844852
10,0.0844858
10,0.0844859
10,0.0844859
10,0.084486
10,0.0844863
10,0.0844864
10,0.0844868
10,0.0844865
10,0.0844868
10,0.0844869
10,0.0844868
10,0.0844873
10,0.0844871
10,0.0844869
10,0.0844876
10,0.0844877
10,0.0844879
10,0.0844879
10,0.0844883
10,0.0844885
10,0.0844887
10,0.0844887
10,0.0844887
10,0.0844891
10,0.0844892
10,0.0844898
10,0.0844896
10,0.0844897
10,0.08449
10,0.08449
10,0.0844899
10,0.08449
10,0.0844904
10,0.0844903
10,0.0844902
10,0.0844905
10,0.0844907
10,0.0844908
10,0.084491
10,0.0844913
10,0.0844914
10,0.0844913
10,0.0844914
10,0.0844915
10,0.0844916
10,0.0844917
10,0.0844919
10,0.0844921
10,0.0844927
10,0.0844927
10,0.084493
10,0.0844923
10,0.0844925
10,0.0844925
10,0.0844927
10,0.0844929
10,0.0844931
10,0.0844933
10,0.0844936
10,0.0844935
10,0.0844935
10,0.0844935
10,0.0844941
10,0.084494
10,0.084494
10,0.0844941
10,0.0844945
10,0.0844945
10,0.0844944
10,0.0844947
10,0.084495
10,0.0844947
10,0.0844953
10,0.084495
10,0.0844952
10,0.0844953
10,0.0844957
10,0.0844959
10,0.0844961
10,0.0844961
10,0.0844962
10,0.0844964
10,0.0844966
10,0.0844964
10,0.0844965
10,0.0844966
10,0.0844968
10,0.0844967
10,0.0844973
10,0.0844971
10,0.0844976
10,0.0844976
10,0.0844977
10,0.0844976
10,0.0844973
10,0.0844973
10,0.0844976
10,0.0844976
10,0.084498
10,0.0844981
10,0.0844981
10,0.0844982
10,0.0844984
10,0.0844987
10,0.0844988
10,0.0844989
10,0.0844991
10,0.0844991
10,0.0844994
10,0.0844995
10,0.0844994
10,0.0844994
10,0.0844997
10,0.0844995
10,0.0844999
10,0.0845
10,0.0845002
10,0.0845002
10,0.0845003
10,0.0845007
10,0.0845008
10,0.084501
10,0.0845008
10,0.0845011
10,0.0845012
10,0.0845014
10,0.0845013
10,0.0845015
10,0.0845013
10,0.0845014
10,0.0845014
10,0.0845019
10,0.0845015
10,0.0845014
10,0.0845018
10,0.0845019
10,0.0845021
10,0.0845023
10,0.0845024
10,0.0845026
10,0.0845028
10,0.0845028
10,0.0845031
10,0.0845031
10,0.0845031
10,0.0845029
10,0.0845033
10,0.0845032
10,0.0845036
10,0.0845037
10,0.0845038
10,0.084504
10,0.0845037
10,0.0845041
10,0.0845041
10,0.0845041
10,0.0845041
10,0.0845044
10,0.0845045
10,0.084505
10,0.0845048
10,0.0845047
10,0.0845049
10,0.0845053
10,0.0845054
10,0.0845053
10,0.0845056
10,0.0845055
10,0.0845057
10,0.0845059
10,0.0845059
10,0.0845061
10,0.0845062
10,0.0845066
10,0.0845067
10,0.0845065
10,0.0845062
10,0.0845067
10,0.0845068
10,0.0845067
10,0.084507
10,0.084507
10,0.084507
10,0.084507
10,0.0845069
10,0.0845075
10,0.0845075
10,0.0845075
10,0.0845076
10,0.0845074
10,0.0845075
10,0.084508
10,0.0845079
10,0.0845082
10,0.0845081
10,0.0845081
10,0.0845081
10,0.0845082
10,0.0845084
10,0.0845085
10,0.0845084
10,0.0845087
10,0.0845088
10,0.0845089
10,0.0845092
10,0.0845092
10,0.0845092
10,0.0845093
10,0.0845093
10,0.0845097
10,0.0845099
10,0.0845101
10,0.0845102
10,0.0845101
10,0.0845102
10,0.0845101
10,0.0845101
10,0.0845103
10,0.0845104
10,0.0845107
10,0.0845109
10,0.0845108
10,0.0845107
10,0.0845109
10,0.0845109
10,0.0845109
10,0.0845108
10,0.084511
10,0.0845109
10,0.084511
10,0.0845112
10,0.0845111
10,0.0845113
10,0.0845115
10,0.0845116
10,0.0845119
10,0.084512
10,0.0845122
10,0.0845126
10,0.0845125
10,0.0845126
10,0.0845124
10,0.0845126
10,0.0845124
10,0.0845127
10,0.0845127
10,0.0845128
10,0.084513
10,0.0845131
10,0.0845132
10,0.0845132
10,0.0845131
10,0.0845135
10,0.0845135
10,0.0845135
10,0.0845138
10,0.0845135
10,0.0845137
10,0.0845136
10,0.0845138
10,0.0845137
10,0.084514
10,0.0845142
10,0.084514
10,0.0845144
10,0.0845143
10,0.0845146
10,0.0845149
10,0.084515
10,0.0845148
10,0.0845148
10,0.0845151
10,0.0845154
10,0.0845153
10,0.0845151
10,0.084515
10,0.0845152
10,0.0845156
10,0.0845153
10,0.0845156
10,0.0845156
10,0.0845157
10,0.0845153
10,0.0845159
10,0.084516
10,0.084516
10,0.0845163
10,0.0845165
10,0.0845164
10,0.0845164
10,0.0845164
10,0.0845163
10,0.0845166
10,0.0845168
10,0.0845168
10,0.0845169
10,0.084517
10,0.0845173
10,0.0845175
10,0.0845176
10,0.0845175
10,0.0845174
10,0.0845176
10,0.0845179
10,0.0845181
10,0.0845182
10,0.0845184
10,0.0845181
10,0.0845184
10,0.0845182
10,0.0845184
10,0.0845186
10,0.0845186
10,0.0845185
10,0.0845185
10,0.084519
10,0.0845192
10,0.0845192
10,0.0845194
10,0.0845192
10,0.0845189
10,0.0845193
10,0.084519
10,0.0845191
10,0.0845195
10,0.0845193
10,0.0845194
10,0.0845194
10,0.0845195
10,0.0845194
10,0.0845195
10,0.0845194
10,0.0845194
10,0.0845198
10,0.0845199
10,0.08452
10,0.0845202
10,0.0845201
10,0.08452
10,0.08452
10,0.08452
10,0.0845202
10,0.0845203
10,0.0845202
10,0.0845202
10,0.0845206
10,0.0845205
10,0.0845206
10,0.0845207
10,0.0845211
10,0.0845212
10,0.084521
10,0.0845211
10,0.0845211
10,0.0845213
10,0.0845211
10,0.0845212
10,0.0845211
10,0.0845213
10,0.0845212
10,0.0845215
10,0.0845213
10,0.0845214
10,0.0845215
10,0.0845216
10,0.0845219
10,0.0845219
10,0.084522
10,0.0845221
10,0.0845223
10,0.084522
10,0.0845224
10,0.0845222
10,0.0845223
10,0.0845227
10,0.0845225
10,0.0845228
10,0.0845227
10,0.084523
10,0.084523
10,0.084523
10,0.0845231
10,0.0845233
10,0.0845232
10,0.0845233
10,0.0845236
10,0.0845235
10,0.0845233
10,0.0845234
10,0.0845234
10,0.0845235
10,0.0845237
10,0.0845238
10,0.0845238
10,0.0845236
10,0.084524
10,0.0845243
10,0.0845245
10,0.0845247
10,0.084524
10,0.0845244
10,0.0845244
10,0.0845244
10,0.0845248
10,0.0845249
10,0.0845247
10,0.0845245
10,0.084525
10,0.0845246
10,0.0845247
10,0.0845249
10,0.0845249
10,0.0845249
10,0.0845247
10,0.084525
10,0.0845253
10,0.0845254
10,0.0845255
10,0.0845255
10,0.0845258
10,0.0845258
10,0.0845258
10,0.0845259
10,0.084526
10,0.0845261
10,0.0845261
10,0.0845264
10,0.0845262
10,0.0845262
10,0.0845262
10,0.0845265
10,0.0845265
10,0.0845262
10,0.0845267
10,0.0845269
10,0.0845269
10,0.0845267
10,0.0845268
10,0.084527
10,0.0845265
10,0.0845269
10,0.084527
10,0.0845269
10,0.0845271
10,0.0845271
10,0.0845272
10,0.0845274
10,0.0845274
10,0.0845277
10,0.0845276
10,0.0845276
10,0.0845277
10,0.0845277
10,0.0845277
10,0.084528
10,0.0845281
10,0.0845278
10,0.0845281
10,0.0845279
10,0.0845281
10,0.0845283
10,0.0845282
10,0.0845282
10,0.0845284
10,0.0845288
10,0.0845284
10,0.0845282
10,0.0845286
10,0.0845285
10,0.0845285
10,0.0845289
10,0.0845288
10,0.0845289
10,0.084529
10,0.084529
10,0.0845292
10,0.0845292
10,0.0845292
10,0.084529
10,0.0845289
10,0.0845288
10,0.0845291
10,0.0845294
10,0.0845294
10,0.0845293
10,0.0845297
10,0.0845296
10,0.0845299
10,0.0845295
10,0.0845299
10,0.0845299
10,0.08453
10,0.0845303
10,0.0845304
10,0.0845305
10,0.0845303
10,0.0845303
10,0.0845303
10,0.0845306
10,0.0845306
10,0.0845305
10,0.0845309
10,0.0845306
10,0.0845308
10,0.0845307
10,0.0845305
10,0.0845306
10,0.0845308
10,0.0845309
10,0.0845311
10,0.0845311
10,0.0845311
10,0.0845309
10,0.0845312
10,0.0845313
10,0.0845313
10,0.0845316
10,0.0845313
10,0.0845313
10,0.0845313
10,0.0845313
10,0.0845315
10,0.0845316
10,0.0845315
10,0.0845318
10,0.0845318
10,0.084532
10,0.0845318
10,0.0845321
10,0.084532
10,0.0845321
10,0.0845324
10,0.0845323
10,0.0845321
10,0.0845321
10,0.0845326
10,0.0845324
10,0.0845326
10,0.0845328
10,0.0845327
10,0.0845325
10,0.0845328
10,0.0845328
10,0.0845331
10,0.0845329
10,0.0845329
10,0.0845329
10,0.0845331
10,0.0845332
10,0.0845334
10,0.0845335
10,0.0845335
10,0.0845333
10,0.0845332
10,0.0845336
10,0.0845338
10,0.0845337
10,0.0845339
10,0.0845337
10,0.0845339
10,0.0845339
10,0.0845341
10,0.0845341
10,0.0845341
10,0.084534
10,0.0845343
10,0.084534
10,0.0845341
10,0.0845339
10,0.0845343
10,0.0845342
10,0.0845347
10,0.0845346
10,0.0845348
10,0.0845348
10,0.0845346
10,0.0845346
10,0.0845347
10,0.0845347
10,0.0845348
10,0.0845346
10,0.0845346
10,0.0845348
10,0.0845349
10,0.0845348
10,0.0845348
10,0.0845351
10,0.0845351
10,0.0845352
10,0.0845354
10,0.0845352
10,0.0845355
10,0.0845355
10,0.0845355
10,0.0845355
10,0.0845353
10,0.0845355
10,0.0845354
10,0.0845356
10,0.0845355
10,0.0845354
10,0.084536
10,0.0845357
10,0.0845359
10,0.084536
10,0.0845361
10,0.0845359
10,0.084536
10,0.0845361
10,0.0845364
10,0.0845362
10,0.0845363
10,0.0845363
10,0.0845364
10,0.0845364
10,0.0845365
10,0.0845366
10,0.0845362
10,0.0845366
10,0.0845365
10,0.0845366
10,0.0845369
10,0.0845368
10,0.0845369
10,0.0845368
10,0.0845368
10,0.0845369
10,0.0845371
10,0.0845371
10,0.084537
10,0.084537
10,0.0845371
10,0.0845371
10,0.0845371
10,0.0845374
10,0.0845371
10,0.0845373
10,0.0845376
10,0.0845375
10,0.0845376
10,0.0845377
10,0.0845377
10,0.0845377
10,0.0845378
10,0.0845377
10,0.0845381
10,0.0845379
10,0.0845376
10,0.0845377
10,0.0845378
10,0.0845379
10,0.0845379
10,0.0845376
10,0.0845378
10,0.0845382
10,0.0845383
10,0.0845383
10,0.0845385
10,0.0845384
10,0.0845383
10,0.0845386
10,0.0845386
10,0.0845389
10,0.0845387
10,0.084539
10,0.0845391
10,0.0845389
10,0.084539
10,0.0845389
10,0.0845391
10,0.084539
10,0.0845389
10,0.0845391
10,0.0845392
10,0.084539
10,0.0845391
10,0.0845394
10,0.0845393
10,0.0845393
10,0.0845392
10,0.0845393
10,0.0845392
10,0.0845396
10,0.0845394
10,0.0845395
10,0.0845395
10,0.0845397
10,0.0845397
10,0.0845398
10,0.0845399
10,0.0845398
10,0.0845401
10,0.08454
10,0.08454
10,0.08454
10,0.0845403
10,0.0845403
10,0.0845404
10,0.0845403
10,0.0845403
10,0.0845403
10,0.0845405
10,0.0845402
10,0.0845404
10,0.0845403
10,0.0845405
10,0.0845406
10,0.0845405
10,0.0845406
10,0.0845408
10,0.0845408
10,0.0845408
10,0.0845409
10,0.084541
10,0.0845408
10,0.0845409
10,0.084541
10,0.0845411
10,0.084541
10,0.084541
10,0.0845413
10,0.0845413
10,0.0845417
10,0.0845414
10,0.0845417
10,0.0845416
10,0.0845416
10,0.0845418
10,0.0845419
10,0.0845419
10,0.0845423
10,0.0845424
10,0.0845421
10,0.0845423
10,0.0845426
10,0.0845421
10,0.0845424
10,0.0845423
10,0.0845423
10,0.0845424
10,0.0845423
10,0.0845422
10,0.0845423
10,0.0845426
10,0.0845425
10,0.0845425
10,0.0845427
10,0.0845426
10,0.0845428
10,0.0845428
10,0.0845427
10,0.0845428
10,0.0845429
10,0.0845427
10,0.084543
10,0.0845429
10,0.0845428
10,0.084543
10,0.0845431
10,0.0845432
10,0.0845434
10,0.0845431
10,0.0845435
10,0.0845439
10,0.0845437
10,0.0845438
10,0.0845441
10,0.0845441
10,0.084544
10,0.0845439
10,0.0845439
10,0.0845437
10,0.084544
10,0.0845439
10,0.084544
10,0.0845443
10,0.0845441
10,0.084544
10,0.0845444
10,0.0845444
10,0.0845444
10,0.0845445
10,0.0845446
10,0.0845447
10,0.0845445
10,0.0845444
10,0.0845445
10,0.0845444
10,0.0845448
10,0.0845451
10,0.084545
10,0.084545
10,0.0845449
10,0.0845449
10,0.084545
10,0.0845451
10,0.0845453
10,0.0845455
10,0.0845453
10,0.0845454
10,0.0845452
10,0.0845454
10,0.0845452
10,0.0845453
10,0.0845452
10,0.0845454
10,0.0845454
10,0.0845458
10,0.0845458
10,0.0845457
10,0.0845459
10,0.0845462
10,0.0845464
10,0.0845462
10,0.0845462
10,0.0845459
10,0.084546
10,0.084546
10,0.0845462
10,0.0845462
10,0.0845463
10,0.0845465
10,0.0845465
10,0.0845464
10,0.0845465
10,0.0845463
10,0.0845464
10,0.0845466
10,0.0845465
10,0.0845466
10,0.0845469
10,0.0845469
10,0.0845469
10,0.0845473
10,0.0845473
10,0.0845472
10,0.0845471
10,0.0845473
10,0.0845476
10,0.0845477
10,0.0845472
10,0.0845474
10,0.0845475
10,0.0845477
10,0.0845476
10,0.0845476
10,0.0845476
10,0.0845476
10,0.0845474
10,0.084548
10,0.0845479
10,0.0845476
10,0.0845476
10,0.0845479
10,0.0845478
10,0.0845482
10,0.0845482
10,0.0845482
10,0.0845484
10,0.0845483
10,0.0845483
10,0.0845484
10,0.0845486
10,0.0845488
10,0.0845487
10,0.084549
10,0.0845491
10,0.084549
10,0.0845489
10,0.0845487
10,0.0845489
10,0.0845492
10,0.0845488
10,0.0845486
10,0.084549
10,0.0845492
10,0.0845495
10,0.0845498
10,0.0845497
10,0.0845497
10,0.0845498
10,0.0845502
10,0.0845502
10,0.0845504
10,0.0845503
10,0.0845503
10,0.0845501
10,0.0845504
10,0.0845505
10,0.0845505
10,0.0845504
10,0.0845507
10,0.0845508
10,0.0845509
10,0.0845509
10,0.0845511
10,0.084551
10,0.0845506
10,0.0845507
10,0.0845508
10,0.0845513
10,0.0845511
10,0.0845514
10,0.0845513
10,0.0845512
10,0.0845514
10,0.0845514
10,0.0845515
10,0.0845513
10,0.0845514
10,0.0845513
10,0.0845515
10,0.0845517
10,0.0845518
10,0.0845518
10,0.0845517
10,0.0845516
10,0.0845518
10,0.0845519
10,0.0845521
10,0.0845522
10,0.0845524
10,0.0845523
10,0.0845523
10,0.0845525
10,0.0845527
10,0.0845527
10,0.0845526
10,0.0845529
10,0.0845529
10,0.0845528
10,0.0845529
10,0.0845529
10,0.084553
10,0.0845534
10,0.0845532
10,0.0845531
10,0.0845533
10,0.0845534
10,0.0845537
10,0.0845535
10,0.0845537
10,0.0845537
10,0.0845533
10,0.0845533
10,0.0845534
10,0.0845538
10,0.0845539
10,0.0845539
10,0.084554
10,0.0845541
10,0.0845543
10,0.0845541
10,0.0845543
10,0.0845543
10,0.084554
10,0.084554
10,0.0845543
10,0.0845543
10,0.0845544
10,0.0845547
10,0.084555
10,0.084555
10,0.0845547
10,0.0845544
10,0.0845549
10,0.0845551
10,0.0845553
10,0.084555
10,0.0845552
10,0.084555
10,0.0845552
10,0.0845555
10,0.0845553
10,0.0845553
10,0.0845553
10,0.0845552
10,0.0845555
10,0.0845558
10,0.0845558
10,0.0845557
10,0.0845558
10,0.0845557
10,0.0845556
10,0.0845558
10,0.0845556
10,0.0845559
10,0.0845559
10,0.0845564
10,0.0845566
10,0.0845568
10,0.0845565
10,0.0845564
10,0.0845565
10,0.0845565
10,0.0845567
10,0.084557
10,0.084557
10,0.0845568
10,0.0845569
10,0.084557
10,0.0845572
10,0.0845574
10,0.0845574
10,0.0845577
10,0.0845578
10,0.0845574
10,0.0845576
10,0.0845575
10,0.0845576
10,0.0845578
10,0.0845578
10,0.084558
10,0.0845583
10,0.084558
10,0.0845583
10,0.0845581
10,0.0845582
10,0.0845584
10,0.0845583
10,0.0845586
10,0.0845587
10,0.0845586
10,0.0845587
10,0.0845586
10,0.0845587
10,0.0845589
10,0.084559
10,0.084559
10,0.0845589
10,0.0845593
10,0.0845592
10,0.0845591
10,0.0845593
10,0.0845593
10,0.0845594
10,0.0845595
10,0.0845595
10,0.0845599
10,0.0845599
10,0.0845599
10,0.08456
10,0.0845603
10,0.0845602
10,0.0845602
10,0.0845603
10,0.0845602
10,0.0845603
10,0.0845601
10,0.0845604
10,0.0845606
10,0.0845609
10,0.0845607
10,0.0845607
10,0.0845609
10,0.0845612
10,0.0845607
10,0.0845608
10,0.084561
10,0.0845611
10,0.084561
10,0.084561
10,0.0845611
10,0.0845614
10,0.0845614
10,0.0845615
10,0.0845614
10,0.0845616
10,0.0845617
10,0.0845622
10,0.0845619
10,0.0845621
10,0.0845619
10,0.0845623
10,0.0845626
10,0.0845624
10,0.0845625
10,0.0845626
10,0.0845625
10,0.0845627
10,0.0845627
10,0.0845628
10,0.0845626
10,0.0845627
10,0.084563
10,0.0845629
10,0.0845632
10,0.0845634
10,0.0845632
10,0.0845635
10,0.0845633
10,0.0845634
10,0.0845637
10,0.0845636
10,0.0845634
10,0.0845639
10,0.0845639
10,0.0845638
10,0.0845639
10,0.0845643
10,0.0845643
10,0.0845642
10,0.0845641
10,0.0845641
10,0.0845644
10,0.0845643
10,0.0845645
10,0.0845643
10,0.0845646
10,0.0845648
10,0.0845646
10,0.0845648
10,0.0845649
10,0.084565
10,0.0845652
10,0.0845655
10,0.0845655
10,0.0845653
10,0.0845654
10,0.0845656
10,0.0845657
10,0.0845657
10,0.0845658
10,0.084566
10,0.084566
10,0.0845663
10,0.0845663
10,0.0845662
10,0.0845664
10,0.0845666
10,0.0845666
10,0.0845667
10,0.0845668
10,0.0845664
10,0.0845668
10,0.0845671
10,0.084567
10,0.0845671
10,0.0845671
10,0.0845669
10,0.0845672
10,0.0845673
10,0.0845676
10,0.0845673
10,0.0845673
10,0.0845675
10,0.0845676
10,0.0845677
10,0.084568
10,0.0845676
10,0.0845676
10,0.0845678
10,0.0845682
10,0.0845681
10,0.0845682
10,0.0845683
10,0.0845684
10,0.0845686
10,0.0845687
10,0.0845687
10,0.0845687
10,0.0845692
10,0.0845692
10,0.0845693
10,0.0845691
10,0.0845693
10,0.0845692
10,0.0845695
10,0.0845693
10,0.0845696
10,0.0845696
10,0.0845696
10,0.0845698
10,0.0845701
10,0.0845705
10,0.0845701
10,0.0845701
10,0.08457
10,0.08457
10,0.0845703
10,0.0845704
10,0.0845705
10,0.0845705
10,0.0845706
10,0.0845708
10,0.0845708
10,0.0845712
10,0.0845709
10,0.0845709
10,0.0845709
10,0.0845712
10,0.0845713
10,0.0845713
10,0.0845716
10,0.0845714
10,0.0845711
10,0.0845715
10,0.0845716
10,0.084572
10,0.084572
10,0.0845717
10,0.0845718
10,0.0845719
10,0.0845719
10,0.0845723
10,0.0845724
10,0.0845725
10,0.0845728
10,0.084573
10,0.0845727
10,0.0845729
10,0.0845727
10,0.0845731
10,0.084573
10,0.0845734
10,0.0845733
10,0.084573
10,0.0845728
10,0.0845734
10,0.0845736
10,0.0845734
10,0.0845735
10,0.0845738
10,0.0845737
10,0.0845741
10,0.0845742
10,0.084574
10,0.0845741
10,0.0845741
10,0.0845745
10,0.084574
10,0.0845739
10,0.0845746
10,0.0845746
10,0.0845748
10,0.0845748
10,0.084575
10,0.0845752
10,0.0845751
10,0.0845753
10,0.084575
10,0.0845752
10,0.0845755
10,0.0845755
10,0.0845756
10,0.0845755
10,0.0845756
10,0.0845756
10,0.0845759
10,0.084576
10,0.0845761
10,0.0845763
10,0.0845763
10,0.0845762
10,0.0845763
10,0.0845762
10,0.0845763
10,0.084577
10,0.084577
10,0.0845772
10,0.0845774
10,0.0845773
10,0.0845771
10,0.0845772
10,0.0845773
10,0.0845775
10,0.0845775
10,0.0845775
10,0.0845774
10,0.0845774
10,0.0845775
10,0.0845773
10,0.0845779
10,0.0845777
10,0.0845779
10,0.0845781
10,0.0845781
10,0.0845786
10,0.0845785
10,0.0845786
10,0.0845784
10,0.0845786
10,0.0845787
10,0.0845785
10,0.0845789
10,0.0845788
10,0.0845788
10,0.0845791
10,0.0845791
10,0.0845791
10,0.0845796
10,0.0845795
10,0.0845795
10,0.0845795
10,0.0845796
10,0.0845796
10,0.0845799
10,0.0845796
10,0.0845801
10,0.0845803
10,0.0845803
10,0.0845803
10,0.08458
10,0.0845801
10,0.0845805
10,0.0845809
10,0.084581
10,0.0845806
10,0.0845807
10,0.0845809
10,0.0845809
10,0.0845811
10,0.0845814
10,0.0845813
10,0.0845817
10,0.0845816
10,0.0845818
10,0.0845816
10,0.0845815
10,0.0845821
10,0.084582
10,0.0845822
10,0.0845823
10,0.0845823
10,0.0845822
10,0.0845823
10,0.0845822
10,0.0845824
10,0.0845825
10,0.0845824
10,0.0845822
10,0.0845823
10,0.0845826
10,0.0845826
10,0.0845831
10,0.0845834
10,0.0845832
10,0.0845833
10,0.0845833
10,0.0845834
10,0.0845838
10,0.0845838
10,0.0845839
10,0.0845841
10,0.084584
10,0.0845839
10,0.084584
10,0.084584
10,0.0845842
10,0.0845842
10,0.0845845
10,0.0845844
10,0.0845847
10,0.0845845
10,0.0845846
10,0.0845849
10,0.0845847
10,0.084585
10,0.0845851
10,0.0845852
10,0.0845853
10,0.084585
10,0.0845852
10,0.0845853
10,0.0845855
10,0.0845855
10,0.0845855
10,0.084586
10,0.0845859
10,0.0845863
10,0.0845862
10,0.0845862
10,0.0845863
10,0.0845862
10,0.0845863
10,0.0845864
10,0.0845865
10,0.0845866
10,0.0845868
10,0.0845869
10,0.0845869
10,0.0845871
10,0.0845872
10,0.084587
10,0.0845867
10,0.0845873
10,0.0845872
10,0.0845874
10,0.0845874
10,0.0845874
10,0.0845874
10,0.0845876
10,0.0845877
10,0.0845878
10,0.0845877
10,0.0845881
10,0.0845882
10,0.0845882
10,0.084588
10,0.0845879
10,0.0845882
10,0.0845882
10,0.0845881
10,0.0845883
10,0.0845886
10,0.0845889
10,0.0845888
10,0.0845887
10,0.084589
10,0.0845893
10,0.0845893
10,0.0845892
10,0.0845892
10,0.0845895
10,0.0845898
10,0.0845899
10,0.0845898
10,0.0845897
10,0.08459
10,0.08459
10,0.0845897
10,0.0845899
10,0.08459
10,0.0845902
10,0.0845904
10,0.0845904
10,0.0845904
10,0.0845907
10,0.0845907
10,0.0845906
10,0.0845907
10,0.084591
10,0.0845909
10,0.0845908
10,0.0845913
10,0.0845914
10,0.0845912
10,0.0845914
10,0.0845911
10,0.0845911
10,0.0845913
10,0.0845914
10,0.0845913
10,0.0845915
10,0.0845917
10,0.0845919
10,0.084592
10,0.084592
10,0.0845919
10,0.0845919
10,0.0845921
10,0.0845921
10,0.0845926
10,0.0845925
10,0.0845924
10,0.0845926
10,0.0845926
10,0.0845924
10,0.0845925
10,0.0845926
10,0.0845928
10,0.0845929
10,0.0845931
10,0.0845933
10,0.0845932
10,0.0845933
10,0.0845936
10,0.084594
10,0.0845936
10,0.0845938
10,0.084594
10,0.0845941
10,0.0845942
10,0.0845941
10,0.0845943
10,0.084594
10,0.0845941
10,0.0845942
10,0.0845943
10,0.0845944
10,0.0845945
10,0.0845942
10,0.0845942
10,0.0845945
10,0.0845945
10,0.0845947
10,0.0845946
10,0.0845948
10,0.0845949
10,0.0845949
10,0.0845951
10,0.084595
10,0.0845953
10,0.0845954
10,0.0845955
10,0.0845954
10,0.0845954
10,0.0845954
10,0.0845958
10,0.0845956
10,0.0845961
10,0.0845957
10,0.0845957
10,0.0845958
10,0.0845959
10,0.0845958
10,0.0845961
10,0.0845965
10,0.0845969
10,0.0845966
10,0.0845966
10,0.0845965
10,0.0845967
10,0.0845968
10,0.084597
10,0.084597
10,0.0845968
10,0.0845968
10,0.0845969
10,0.0845969
10,0.0845974
10,0.0845977
10,0.0845979
10,0.0845977
10,0.0845978
10,0.084598
10,0.0845981
10,0.0845982
10,0.084598
10,0.084598
10,0.0845978
10,0.0845982
10,0.0845983
10,0.0845982
10,0.0845982
10,0.0845983
10,0.0845985
10,0.0845984
10,0.0845987
10,0.0845987
10,0.0845988
10,0.0845991
10,0.0845991
10,0.0845991
10,0.0845993
10,0.0845993
10,0.0845994
10,0.0845996
10,0.0845994
10,0.0845994
10,0.0845994
10,0.0845995
10,0.0845996
10,0.0845996
10,0.0845996
10,0.0845999
10,0.0845998
10,0.0845998
10,0.0845997
10,0.0845999
10,0.0845998
10,0.0845999
10,0.0845998
10,0.0846
10,0.0846001
10,0.0846002
10,0.0846003
10,0.0846004
10,0.0846005
10,0.0846004
10,0.0846009
10,0.0846008
10,0.0846009
10,0.084601
10,0.084601
10,0.0846011
10,0.0846013
10,0.0846016
10,0.0846016
10,0.0846017
10,0.0846019
10,0.0846017
10,0.0846018
10,0.084602
10,0.0846019
10,0.0846024
10,0.0846025
10,0.0846026
10,0.0846024
10,0.0846025
10,0.0846027
10,0.0846027
10,0.0846026
10,0.0846027
10,0.0846027
10,0.0846029
10,0.084603
10,0.0846033
10,0.0846033
10,0.0846037
10,0.0846034
10,0.0846034
10,0.0846035
10,0.0846035
10,0.0846036
10,0.0846036
10,0.0846038
10,0.0846037
10,0.0846039
10,0.0846038
10,0.0846041
10,0.0846039
10,0.0846041
10,0.084604
10,0.0846039
10,0.0846041
10,0.0846043
10,0.0846041
10,0.084604
10,0.0846041
10,0.0846043
10,0.0846044
10,0.0846049
10,0.0846049
10,0.0846051
10,0.084605
10,0.0846048
10,0.0846048
10,0.084605
10,0.0846049
10,0.0846051
10,0.084605
10,0.0846057
10,0.0846056
10,0.0846057
10,0.0846057
10,0.0846057
10,0.0846057
10,0.0846062
10,0.0846062
10,0.0846064
10,0.0846062
10,0.0846063
10,0.0846062
10,0.0846062
10,0.0846064
10,0.0846066
10,0.0846065
10,0.0846065
10,0.0846065
10,0.0846067
10,0.084607
10,0.0846069
10,0.084607
10,0.0846071
10,0.0846067
10,0.0846068
10,0.0846068
10,0.0846073
10,0.0846073
10,0.084607
10,0.0846072
10,0.0846073
10,0.0846074
10,0.0846075
10,0.0846075
10,0.0846078
10,0.0846078
10,0.084608
10,0.084608
10,0.0846083
10,0.0846084
10,0.0846081
10,0.0846081
10,0.0846083
10,0.0846083
10,0.0846087
10,0.0846086
10,0.0846086
10,0.0846087
10,0.084609
10,0.0846094
10,0.0846093
10,0.0846093
10,0.084609
10,0.0846093
10,0.0846092
10,0.0846094
10,0.0846091
10,0.0846094
10,0.0846094
10,0.0846093
10,0.0846097
10,0.0846099
10,0.08461
10,0.0846099
10,0.0846097
10,0.0846097
10,0.0846097
10,0.0846102
10,0.0846102
10,0.0846099
10,0.0846099
10,0.0846098
10,0.0846102
10,0.0846103
10,0.0846106
10,0.0846104
10,0.0846106
10,0.0846111
10,0.084611
10,0.0846109
10,0.0846111
10,0.0846109
10,0.0846109
10,0.0846109
10,0.0846108
10,0.084611
10,0.0846116
10,0.084611
10,0.0846112
10,0.084611
10,0.0846113
10,0.0846115
10,0.0846117
10,0.0846118
10,0.0846116
10,0.0846118
10,0.0846117
10,0.0846119
10,0.0846117
10,0.0846119
10,0.084612
10,0.084612
10,0.0846118
10,0.084612
10,0.0846121
10,0.0846124
10,0.0846122
10,0.0846125
10,0.0846127
10,0.084613
10,0.0846127
10,0.0846126
10,0.0846128
10,0.0846129
10,0.084613
10,0.0846129
10,0.0846132
10,0.0846134
10,0.0846134
10,0.0846136
10,0.0846136
10,0.0846139
10,0.0846137
10,0.0846139
10,0.0846138
10,0.084614
10,0.0846137
10,0.0846139
10,0.084614
10,0.0846141
10,0.084614
10,0.0846137
10,0.0846141
10,0.0846145
10,0.0846144
10,0.0846144
10,0.0846141
10,0.0846144
10,0.0846145
10,0.0846146
10,0.0846144
10,0.0846147
10,0.0846149
10,0.0846149
10,0.0846145
10,0.0846145
10,0.0846145
10,0.0846143
10,0.0846143
10,0.0846144
10,0.0846146
10,0.0846146
10,0.0846149
10,0.0846152
10,0.0846153
10,0.0846154
10,0.0846151
10,0.0846151
10,0.084615
10,0.0846152
10,0.0846155
10,0.0846155
10,0.0846159
10,0.0846156
10,0.0846157
10,0.0846159
10,0.0846159
10,0.084616
10,0.0846158
10,0.0846157
10,0.0846158
10,0.0846159
10,0.0846157
10,0.0846159
10,0.0846161
10,0.0846163
10,0.0846161
10,0.0846164
10,0.0846163
10,0.0846163
10,0.0846164
10,0.0846167
10,0.0846164
10,0.0846168
10,0.084617
10,0.084617
10,0.0846172
10,0.0846166
10,0.0846168
10,0.0846172
10,0.0846172
10,0.0846175
10,0.0846175
10,0.0846173
10,0.0846175
10,0.0846175
10,0.0846174
10,0.0846174
10,0.0846179
10,0.0846177
10,0.0846179
10,0.0846179
10,0.0846179
10,0.0846179
10,0.0846178
10,0.0846177
10,0.084618
10,0.0846182
10,0.0846183
10,0.0846182
10,0.0846183
10,0.0846178
10,0.0846179
10,0.0846181
10,0.0846183
10,0.0846186
10,0.0846182
10,0.0846184
10,0.0846185
10,0.0846181
10,0.0846182
10,0.0846185
10,0.0846185
10,0.0846186
10,0.0846187
10,0.0846189
10,0.0846192
10,0.0846189
10,0.084619
10,0.0846192
10,0.0846191
10,0.0846192
10,0.0846196
10,0.0846195
10,0.0846195
10,0.0846196
10,0.0846195
10,0.0846197
10,0.0846197
10,0.08462
10,0.0846198
10,0.0846194
10,0.0846196
10,0.0846197
10,0.0846198
10,0.0846198
10,0.0846199
10,0.0846197
10,0.0846199
10,0.08462
10,0.0846203
10,0.0846201
10,0.0846199
10,0.0846201
10,0.08462
10,0.0846202
10,0.0846204
10,0.0846206
10,0.0846204
10,0.0846208
10,0.0846206
10,0.0846208
10,0.0846206
10,0.0846207
10,0.0846207
10,0.0846207
10,0.0846207
10,0.0846209
10,0.0846209
10,0.084621
10,0.0846211
10,0.0846213
10,0.0846214
10,0.0846214
10,0.0846213
10,0.0846214
10,0.0846213
10,0.0846215
10,0.0846213
10,0.0846211
10,0.0846213
10,0.0846213
10,0.0846212
10,0.0846215
10,0.0846217
10,0.0846217
10,0.0846217
10,0.084622
10,0.0846224
10,0.0846223
10,0.0846221
10,0.0846221
10,0.0846218
10,0.0846217
10,0.0846216
10,0.084622
10,0.084622
10,0.0846222
10,0.0846224
10,0.0846225
10,0.0846224
10,0.0846226
10,0.0846225
10,0.0846225
10,0.0846229
10,0.0846229
10,0.084623
10,0.0846229
10,0.0846228
10,0.0846233
10,0.0846232
10,0.0846235
10,0.0846238
10,0.0846237
10,0.0846237
10,0.0846237
10,0.0846236
10,0.0846236
10,0.0846233
10,0.0846236
10,0.0846237
10,0.0846235
10,0.0846237
10,0.0846236
10,0.0846239
10,0.0846235
10,0.0846236
10,0.0846234
10,0.0846237
10,0.0846239
10,0.0846237
10,0.0846239
10,0.0846238
10,0.0846239
10,0.0846239
10,0.0846238
10,0.0846242
10,0.0846242
10,0.0846241
10,0.0846245
10,0.0846244
10,0.0846242
10,0.0846242
10,0.0846245
10,0.0846242
10,0.0846242
10,0.0846244
10,0.0846242
10,0.0846243
10,0.0846245
10,0.0846246
10,0.0846247
10,0.0846246
10,0.0846246
10,0.0846247
10,0.0846248
10,0.0846248
10,0.0846248
10,0.084625
10,0.0846248
10,0.0846249
10,0.0846249
10,0.084625
10,0.0846252
10,0.0846251
10,0.0846254
10,0.0846251
10,0.0846252
10,0.0846253
10,0.0846253
10,0.0846254
10,0.0846255
10,0.0846255
10,0.0846255
10,0.0846257
10,0.084626
10,0.084626
10,0.0846258
10,0.0846261
10,0.0846259
10,0.0846262
10,0.084626
10,0.0846259
10,0.0846262
10,0.0846265
10,0.0846262
10,0.0846261
10,0.084626
10,0.0846262
10,0.0846264
10,0.0846266
10,0.0846267
10,0.0846265
10,0.0846264
10,0.0846262
10,0.0846263
10,0.0846265
10,0.0846264
10,0.0846262
10,0.0846263
10,0.0846262
10,0.0846265
10,0.0846265
10,0.0846265
10,0.0846265
10,0.0846266
10,0.0846267
10,0.0846264
10,0.0846266
10,0.0846265
10,0.0846266
10,0.0846268
10,0.0846268
10,0.0846269
10,0.0846274
10,0.084627
10,0.0846271
10,0.0846272
10,0.0846273
10,0.0846272
10,0.0846273
10,0.084627
10,0.0846274
10,0.0846273
10,0.0846272
10,0.084627
10,0.0846272
10,0.0846272
10,0.0846271
10,0.084627
10,0.0846274
10,0.0846273
10,0.0846272
10,0.0846275
10,0.0846272
10,0.0846275
10,0.0846275
10,0.0846276
10,0.0846279
10,0.084628
10,0.084628
10,0.0846278
10,0.0846276
10,0.0846278
10,0.0846278
10,0.0846282
10,0.0846282
10,0.0846278
10,0.084628
10,0.0846282
10,0.0846282
10,0.0846282
10,0.0846282
10,0.0846282
10,0.0846283
10,0.0846282
10,0.0846279
10,0.0846281
10,0.084628
10,0.0846282
10,0.0846285
10,0.0846284
10,0.0846286
10,0.0846284
10,0.0846282
10,0.0846282
10,0.0846283
10,0.0846284
10,0.0846285
10,0.0846285
10,0.0846287
10,0.0846289
10,0.0846291
10,0.084629
10,0.084629
10,0.084629
10,0.0846289
10,0.0846289
10,0.0846288
10,0.0846287
10,0.0846291
10,0.0846289
10,0.084629
10,0.084629
10,0.084629
10,0.084629
10,0.0846291
10,0.084629
10,0.084629
10,0.084629
10,0.0846293
10,0.084629
10,0.0846291
10,0.0846291
10,0.0846292
10,0.0846293
10,0.0846293
10,0.0846294
10,0.0846294
10,0.084629
10,0.0846291
10,0.0846294
10,0.0846291
10,0.0846295
10,0.0846295
10,0.0846293
10,0.0846292
10,0.0846295
10,0.0846293
10,0.0846292
10,0.0846294
10,0.0846296
10,0.0846297
10,0.0846299
10,0.08463
10,0.08463
10,0.0846296
10,0.0846299
10,0.0846298
10,0.0846301
10,0.08463
10,0.0846299
10,0.08463
10,0.0846299
10,0.0846299
10,0.08463
10,0.08463
10,0.0846298
10,0.0846302
10,0.0846302
10,0.08463
10,0.0846299
10,0.0846303
10,0.0846304
10,0.0846304
10,0.0846308
10,0.0846306
10,0.0846303
10,0.0846305
10,0.0846307
10,0.0846307
10,0.0846304
10,0.0846307
10,0.0846304
10,0.0846305
10,0.0846305
10,0.0846306
10,0.0846307
10,0.0846306
10,0.0846309
10,0.0846308
10,0.0846306
10,0.0846307
10,0.0846309
10,0.084631
10,0.0846311
10,0.0846312
10,0.084631
10,0.0846312
10,0.0846313
10,0.0846311
10,0.084631
10,0.0846311
10,0.0846311
10,0.0846312
10,0.0846311
10,0.0846309
10,0.084631
10,0.0846313
10,0.0846312
10,0.0846314
10,0.0846315
10,0.0846313
10,0.0846316
10,0.0846314
10,0.0846312
10,0.0846312
10,0.0846311
10,0.0846312
10,0.0846313
10,0.0846312
10,0.0846312
10,0.0846312
10,0.0846316
10,0.0846317
10,0.0846317
10,0.0846318
10,0.0846317
10,0.084632
10,0.0846318
10,0.0846318
10,0.0846316
10,0.0846316
10,0.0846316
10,0.0846318
10,0.0846318
10,0.0846316
10,0.0846319
10,0.0846322
10,0.084632
10,0.084632
10,0.0846319
10,0.0846319
10,0.084632
10,0.0846321
10,0.0846321
10,0.0846323
10,0.084632
10,0.0846321
10,0.0846324
10,0.0846323
10,0.0846322
10,0.0846324
10,0.0846324
10,0.0846324
10,0.0846323
10,0.0846326
10,0.0846327
10,0.0846325
10,0.0846326
10,0.0846328
10,0.0846327
10,0.0846324
10,0.0846325
10,0.0846325
10,0.0846326
10,0.0846328
10,0.0846326
10,0.0846324
10,0.0846326
10,0.0846329
10,0.0846328
10,0.0846327
10,0.084633
10,0.0846329
10,0.0846328
10,0.0846328
10,0.0846328
10,0.0846326
10,0.084633
10,0.084633
10,0.0846333
10,0.0846333
10,0.0846334
10,0.0846334
10,0.0846335
10,0.0846335
10,0.0846332
10,0.0846332
10,0.0846334
10,0.0846335
10,0.0846334
10,0.0846335
10,0.0846335
10,0.0846335
10,0.0846337
10,0.0846336
10,0.0846338
10,0.0846338
10,0.0846336
10,0.0846335
10,0.0846334
10,0.0846335
10,0.0846334
10,0.0846336
10,0.0846338
10,0.0846338
10,0.084634
10,0.0846342
10,0.0846342
10,0.0846338
10,0.0846343
10,0.084634
10,0.0846338
10,0.084634
10,0.0846338
10,0.0846337
10,0.0846336
10,0.0846338
10,0.0846339
10,0.0846338
10,0.0846338
10,0.0846342
10,0.0846341
10,0.0846339
10,0.0846343
10,0.084634
10,0.084634
10,0.084634
10,0.0846343
10,0.084634
10,0.0846341
10,0.0846342
10,0.0846341
10,0.0846341
10,0.0846341
10,0.0846342
10,0.0846344
10,0.0846345
10,0.0846345
10,0.0846345
10,0.0846344
10,0.0846344
10,0.0846345
10,0.0846349
10,0.0846351
10,0.084635
10,0.0846351
10,0.0846348
10,0.0846347
10,0.0846347
10,0.0846346
10,0.084635
10,0.084635
10,0.084635
10,0.084635
10,0.0846351
10,0.084635
10,0.0846348
10,0.084635
10,0.084635
10,0.0846352
10,0.0846353
10,0.0846352
10,0.0846352
10,0.0846352
10,0.0846351
10,0.0846351
10,0.084635
10,0.0846352
10,0.084635
10,0.084635
10,0.0846352
10,0.0846352
10,0.0846354
10,0.0846353
10,0.0846353
10,0.0846354
10,0.0846356
10,0.0846358
10,0.0846355
10,0.0846352
10,0.0846354
10,0.0846353
10,0.0846354
10,0.0846354
10,0.0846357
10,0.0846357
10,0.0846357
10,0.0846354
10,0.0846355
10,0.0846358
10,0.0846355
10,0.0846355
10,0.0846359
10,0.0846357
10,0.0846358
10,0.0846357
10,0.0846359
10,0.0846358
10,0.0846356
10,0.0846359
10,0.084636
10,0.0846359
10,0.0846362
10,0.0846361
10,0.084636
10,0.0846361
10,0.0846361
10,0.084636
10,0.0846362
10,0.0846362
10,0.084636
10,0.0846362
10,0.0846361
10,0.0846362
10,0.0846364
10,0.0846361
10,0.0846361
10,0.0846362
10,0.0846362
10,0.0846363
10,0.0846362
10,0.0846362
10,0.0846362
10,0.0846362
10,0.0846368
10,0.0846368
10,0.0846368
10,0.0846364
10,0.0846365
10,0.0846366
10,0.0846367
10,0.0846366
10,0.0846364
10,0.084636
10,0.0846364
10,0.0846365
10,0.0846365
10,0.0846366
10,0.0846368
10,0.0846366
10,0.0846366
10,0.0846367
10,0.0846366
10,0.0846365
10,0.0846365
10,0.0846363
10,0.0846366
10,0.0846367
10,0.0846368
10,0.0846366
10,0.0846368
10,0.0846365
10,0.0846365
10,0.0846366
10,0.0846367
10,0.0846364
10,0.0846367
10,0.0846369
10,0.0846368
10,0.0846369
10,0.084637
10,0.0846371
10,0.0846373
10,0.0846373
10,0.0846371
10,0.0846372
10,0.0846371
10,0.0846372
10,0.0846373
10,0.0846374
10,0.0846372
10,0.0846375
10,0.0846374
10,0.0846376
10,0.0846373
10,0.0846373
10,0.0846373
10,0.0846373
10,0.0846373
10,0.0846374
10,0.0846375
10,0.0846376
10,0.0846374
10,0.0846375
10,0.0846374
10,0.0846376
10,0.0846376
10,0.0846375
10,0.0846378
10,0.0846376
10,0.0846375
10,0.0846375
10,0.0846378
10,0.0846379
10,0.084638
10,0.0846381
10,0.0846382
10,0.0846378
10,0.0846376
10,0.0846378
10,0.0846377
10,0.0846377
10,0.0846378
10,0.0846378
10,0.0846378
10,0.0846379
10,0.0846381
10,0.0846381
10,0.0846382
10,0.0846383
10,0.0846385
10,0.0846381
10,0.0846381
10,0.0846379
10,0.0846379
10,0.0846379
10,0.084638
10,0.0846379
10,0.0846381
10,0.0846381
10,0.084638
10,0.084638
10,0.0846382
10,0.0846384
10,0.0846383
10,0.0846383
10,0.0846384
10,0.0846386
10,0.0846386
10,0.0846385
10,0.0846386
10,0.084639
10,0.0846386
10,0.0846386
10,0.0846387
10,0.0846387
10,0.0846385
10,0.0846385
10,0.0846386
10,0.0846386
10,0.0846387
10,0.0846387
10,0.0846389
10,0.0846393
10,0.084639
10,0.0846389
10,0.0846389
10,0.0846387
10,0.0846389
10,0.084639
10,0.0846388
10,0.0846386
10,0.0846389
10,0.0846388
10,0.0846389
10,0.0846391
10,0.0846391
10,0.0846391
10,0.0846389
10,0.0846391
10,0.0846392
10,0.0846393
10,0.0846393
10,0.0846391
10,0.084639
10,0.0846392
10,0.0846391
10,0.0846392
10,0.0846395
10,0.0846395
10,0.0846393
10,0.0846395
10,0.0846393
10,0.0846394
10,0.0846395
10,0.0846395
10,0.0846394
10,0.0846396
10,0.0846398
10,0.0846399
10,0.08464
10,0.0846399
10,0.0846398
10,0.0846395
10,0.0846394
10,0.0846394
10,0.0846394
10,0.0846398
10,0.0846395
10,0.0846394
10,0.0846397
10,0.0846397
10,0.0846398
10,0.0846401
10,0.0846401
10,0.08464
10,0.0846398
10,0.0846401
10,0.0846399
10,0.0846397
10,0.0846398
10,0.0846397
10,0.0846396
10,0.0846396
10,0.0846394
10,0.0846393
10,0.0846393
10,0.0846398
10,0.0846398
10,0.08464
10,0.0846403
10,0.0846402
10,0.08464
10,0.08464
10,0.08464
10,0.0846399
10,0.08464
10,0.0846401
10,0.0846399
10,0.0846404
10,0.0846404
10,0.0846404
10,0.0846406
10,0.0846408
10,0.0846407
10,0.0846406
10,0.0846403
10,0.0846404
10,0.0846405
10,0.0846405
10,0.0846404
10,0.0846403
10,0.0846403
10,0.0846402
10,0.08464
10,0.08464
10,0.0846401
10,0.0846403
10,0.0846404
10,0.0846405
10,0.0846404
10,0.0846404
10,0.0846404
10,0.0846406
10,0.0846407
10,0.0846406
10,0.0846407
10,0.0846406
10,0.0846405
10,0.0846408
10,0.0846411
10,0.0846408
10,0.0846407
10,0.0846408
10,0.0846406
10,0.0846407
10,0.0846409
10,0.084641
10,0.084641
10,0.084641
10,0.0846412
10,0.0846416
10,0.0846416
10,0.0846415
10,0.0846415
10,0.0846414
10,0.0846411
10,0.084641
10,0.0846411
10,0.0846412
10,0.084641
10,0.084641
10,0.0846411
10,0.0846409
10,0.0846408
10,0.0846408
10,0.0846409
10,0.084641
10,0.084641
10,0.0846411
10,0.0846412
10,0.0846413
10,0.0846414
10,0.0846415
10,0.0846417
10,0.0846418
10,0.0846418
10,0.0846417
10,0.0846419
10,0.0846419
10,0.0846418
10,0.0846416
10,0.0846419
10,0.0846416
10,0.0846417
10,0.0846415
10,0.0846414
10,0.0846419
10,0.0846418
10,0.0846418
10,0.0846418
10,0.0846417
10,0.0846416
10,0.0846418
10,0.0846417
10,0.0846418
10,0.0846418
10,0.0846419
10,0.0846419
10,0.084642
10,0.0846421
10,0.0846423
10,0.0846424
10,0.0846421
10,0.084642
10,0.084642
10,0.084642
10,0.0846422
10,0.0846423
10,0.0846424
10,0.0846423
10,0.0846424
10,0.0846422
10,0.0846424
10,0.0846425
10,0.0846423
10,0.0846426
10,0.0846426
10,0.0846424
10,0.0846423
10,0.0846425
10,0.0846425
10,0.0846425
10,0.0846424
10,0.0846424
10,0.0846426
10,0.0846426
10,0.084643
10,0.0846427
10,0.0846431
10,0.084643
10,0.0846426
10,0.0846424
10,0.0846427
10,0.0846428
10,0.0846428
10,0.084643
10,0.0846431
10,0.0846429
10,0.0846426
10,0.084643
10,0.0846429
10,0.0846431
10,0.084643
10,0.084643
10,0.084643
10,0.0846432
10,0.0846431
10,0.0846431
10,0.0846432
10,0.0846431
10,0.0846431
10,0.0846434
10,0.0846434
10,0.0846434
10,0.0846432
10,0.0846431
10,0.084643
10,0.0846431
10,0.084643
10,0.0846431
10,0.0846432
10,0.0846434
10,0.0846435
10,0.0846434
10,0.0846434
10,0.0846432
10,0.0846434
10,0.0846436
10,0.0846437
10,0.084644
10,0.0846439
10,0.0846436
10,0.0846435
10,0.0846434
10,0.0846435
10,0.0846434
10,0.0846433
10,0.0846435
10,0.0846434
10,0.0846437
10,0.0846437
10,0.0846438
10,0.0846438
10,0.0846436
10,0.0846434
10,0.0846437
10,0.0846436
10,0.0846438
10,0.0846437
10,0.0846441
10,0.084644
10,0.0846443
10,0.0846442
10,0.0846441
10,0.084644
10,0.084644
10,0.0846441
10,0.084644
10,0.0846441
10,0.0846439
10,0.084644
10,0.084644
10,0.084644
10,0.0846439
10,0.0846439
10,0.0846439
10,0.0846436
10,0.0846438
10,0.084644
10,0.0846438
10,0.0846438
10,0.0846438
10,0.0846439
10,0.0846441
10,0.0846441
10,0.0846441
10,0.084644
10,0.0846441
10,0.084644
10,0.084644
10,0.0846443
10,0.0846443
10,0.0846443
10,0.0846444
10,0.0846447
10,0.0846447
10,0.0846446
10,0.0846445
10,0.0846442
10,0.0846441
10,0.0846443
10,0.0846444
10,0.0846445
10,0.0846446
10,0.0846447
10,0.0846444
10,0.0846445
10,0.0846446
10,0.0846445
10,0.0846445
10,0.0846446
10,0.0846444
10,0.0846447
10,0.0846447
10,0.0846448
10,0.0846448
10,0.084645
10,0.0846449
10,0.0846449
10,0.0846452
10,0.0846451
10,0.0846453
10,0.0846449
10,0.0846451
10,0.0846448
10,0.0846446
10,0.0846448
10,0.0846448
10,0.0846449
10,0.0846449
10,0.084645
10,0.0846451
10,0.0846448
10,0.0846449
10,0.0846447
10,0.0846451
10,0.084645
10,0.0846449
10,0.0846449
10,0.0846449
10,0.0846452
10,0.0846451
10,0.0846451
10,0.0846452
10,0.0846451
10,0.0846452
10,0.0846451
10,0.0846455
10,0.0846454
10,0.0846457
10,0.0846454
10,0.0846452
10,0.0846452
10,0.0846455
10,0.0846453
10,0.0846453
10,0.0846454
10,0.0846453
10,0.0846449
10,0.0846449
10,0.0846451
10,0.0846454
10,0.0846455
10,0.0846454
10,0.0846457
10,0.0846456
10,0.0846457
10,0.0846456
10,0.0846458
10,0.0846457
10,0.0846459
10,0.0846458
10,0.0846458
10,0.0846459
10,0.0846459
10,0.0846458
10,0.0846458
10,0.084646
10,0.0846461
10,0.0846459
10,0.0846462
10,0.0846462
10,0.0846463
10,0.0846462
10,0.0846458
10,0.084646
10,0.0846463
10,0.0846463
10,0.0846464
10,0.0846462
10,0.0846462
10,0.0846465
10,0.0846461
10,0.0846461
10,0.0846461
10,0.0846462
10,0.0846463
10,0.0846463
10,0.0846464
10,0.0846464
10,0.0846464
10,0.0846465
10,0.0846464
10,0.0846463
10,0.0846465
10,0.0846465
10,0.0846465
10,0.0846465
10,0.0846463
10,0.0846463
10,0.0846465
10,0.0846465
10,0.0846465
10,0.0846467
10,0.0846466
10,0.0846465
10,0.0846467
10,0.0846467
10,0.0846468
10,0.0846465
10,0.0846465
10,0.0846466
10,0.0846466
10,0.0846465
10,0.0846465
10,0.0846468
10,0.0846467
10,0.0846468
10,0.0846468
10,0.0846467
10,0.0846469
10,0.0846466
10,0.0846464
10,0.0846465
10,0.0846466
10,0.0846468
10,0.0846469
10,0.0846471
10,0.0846468
10,0.0846467
10,0.0846466
10,0.0846466
10,0.0846466
10,0.0846466
10,0.0846467
10,0.0846469
10,0.0846469
10,0.0846468
10,0.0846467
10,0.0846466
10,0.0846469
10,0.0846468
10,0.0846469
10,0.0846472
10,0.0846471
10,0.0846472
10,0.0846471
10,0.0846473
10,0.0846476
10,0.0846472
10,0.0846473
10,0.0846472
10,0.0846473
10,0.0846472
10,0.0846472
10,0.0846471
10,0.0846472
10,0.0846473
10,0.0846471
10,0.0846471
10,0.0846471
10,0.0846473
10,0.0846471
10,0.0846472
10,0.084647
10,0.0846474
10,0.0846474
10,0.0846474
10,0.0846473
10,0.0846472
10,0.0846472
10,0.0846475
10,0.0846473
10,0.0846473
10,0.0846471
10,0.0846474
10,0.0846473
10,0.0846472
10,0.0846474
10,0.0846475
10,0.0846476
10,0.0846478
10,0.0846477
10,0.0846476
10,0.0846477
10,0.0846476
10,0.0846478
10,0.0846477
10,0.0846478
10,0.0846478
10,0.0846477
10,0.0846479
10,0.0846481
10,0.0846478
10,0.0846478
10,0.0846478
10,0.0846475
10,0.0846478
10,0.0846478
10,0.0846477
10,0.0846479
10,0.084648
10,0.0846482
10,0.0846482
10,0.0846481
10,0.084648
10,0.0846479
10,0.084648
10,0.0846482
10,0.0846484
10,0.0846482
10,0.0846483
10,0.0846482
10,0.0846483
10,0.0846481
10,0.0846483
10,0.0846483
10,0.0846481
10,0.0846481
10,0.0846482
10,0.0846482
10,0.0846481
10,0.0846481
10,0.0846483
10,0.0846482
10,0.0846485
10,0.0846484
10,0.0846482
10,0.0846483
10,0.0846486
10,0.0846483
10,0.0846484
10,0.0846485
10,0.0846487
10,0.0846488
10,0.0846485
10,0.0846487
10,0.0846488
10,0.0846485
10,0.0846486
10,0.0846488
10,0.0846487
10,0.0846488
10,0.0846489
10,0.0846486
10,0.0846487
10,0.0846488
10,0.084649
10,0.0846489
10,0.084649
10,0.084649
10,0.0846489
10,0.0846488
10,0.084649
10,0.0846492
10,0.0846493
10,0.0846492
10,0.0846491
10,0.0846491
10,0.0846494
10,0.0846494
10,0.0846492
10,0.0846493
10,0.0846491
10,0.0846493
10,0.084649
10,0.0846492
10,0.0846492
10,0.0846489
10,0.084649
10,0.084649
10,0.0846491
10,0.0846491
10,0.0846491
10,0.0846491
10,0.0846491
10,0.0846492
10,0.0846495
10,0.0846495
10,0.0846493
10,0.0846491
10,0.0846491
10,0.0846494
10,0.0846495
10,0.0846494
10,0.0846492
10,0.0846492
10,0.0846491
10,0.084649
10,0.084649
10,0.084649
10,0.0846492
10,0.0846493
10,0.0846493
10,0.0846493
10,0.0846493
10,0.0846494
10,0.0846496
10,0.0846497
10,0.0846494
10,0.0846495
10,0.0846495
10,0.0846495
10,0.0846498
10,0.0846498
10,0.0846497
10,0.0846498
10,0.0846497
10,0.0846496
10,0.0846496
10,0.0846499
10,0.0846498
10,0.0846497
10,0.0846497
10,0.0846497
10,0.0846499
10,0.08465
10,0.0846498
10,0.0846501
10,0.0846504
10,0.0846502
10,0.0846501
10,0.0846499
10,0.0846503
10,0.0846501
10,0.0846499
10,0.0846498
10,0.0846499
10,0.0846499
10,0.08465
10,0.0846502
10,0.0846502
10,0.0846501
10,0.08465
10,0.0846499
10,0.0846501
10,0.0846502
10,0.0846501
10,0.0846501
10,0.0846501
10,0.08465
10,0.0846502
10,0.0846503
10,0.0846501
10,0.0846498
10,0.08465
10,0.0846502
10,0.08465
10,0.0846499
10,0.0846499
10,0.0846501
10,0.0846502
10,0.0846505
10,0.0846504
10,0.0846506
10,0.0846507
10,0.0846507
10,0.0846507
10,0.0846505
10,0.0846505
10,0.0846505
10,0.0846504
10,0.0846508
10,0.0846507
10,0.0846505
10,0.0846501
10,0.0846502
10,0.0846503
10,0.0846502
10,0.0846501
10,0.0846502
10,0.0846504
10,0.0846503
10,0.0846504
10,0.0846505
10,0.0846504
10,0.0846506
10,0.0846506
10,0.0846504
10,0.0846505
10,0.0846506
10,0.0846507
10,0.0846506
10,0.0846506
10,0.0846507
10,0.0846506
10,0.0846506
10,0.0846505
10,0.0846505
10,0.0846503
10,0.0846502
10,0.0846503
10,0.0846502
10,0.0846502
10,0.0846503
10,0.0846501
10,0.0846502
10,0.0846503
10,0.0846503
10,0.0846505
10,0.0846504
10,0.0846506
10,0.0846505
10,0.0846507
10,0.0846507
10,0.0846506
10,0.0846508
10,0.0846507
10,0.0846508
10,0.0846507
10,0.0846509
10,0.0846508
10,0.0846507
10,0.0846506
10,0.0846508
10,0.0846507
10,0.0846508
10,0.0846507
10,0.084651
10,0.0846508
10,0.0846508
10,0.0846511
10,0.0846509
10,0.084651
10,0.0846509
10,0.0846509
10,0.0846509
10,0.0846509
10,0.0846508
10,0.0846509
10,0.0846507
10,0.0846506
10,0.0846506
10,0.0846508
10,0.084651
10,0.0846511
10,0.0846513
10,0.0846516
10,0.0846513
10,0.0846511
10,0.0846509
10,0.0846508
10,0.0846509
10,0.0846512
10,0.0846511
10,0.0846509
10,0.0846509
10,0.084651
10,0.0846512
10,0.0846512
10,0.0846512
10,0.0846509
10,0.0846509
10,0.0846511
10,0.0846512
10,0.0846513
10,0.0846511
10,0.0846511
10,0.0846512
10,0.0846515
10,0.0846515
10,0.0846517
10,0.0846516
10,0.0846514
10,0.0846512
10,0.084651
10,0.0846509
10,0.0846509
10,0.0846511
10,0.084651
10,0.0846508
10,0.0846511
10,0.0846512
10,0.0846512
10,0.0846515
10,0.0846515
10,0.0846514
10,0.0846514
10,0.0846514
10,0.0846514
10,0.0846515
10,0.0846516
10,0.0846517
10,0.0846518
10,0.0846518
10,0.0846517
10,0.0846516
10,0.0846515
10,0.0846515
10,0.0846516
10,0.0846515
10,0.0846516
10,0.0846518
10,0.084652
10,0.0846519
10,0.0846518
10,0.0846518
10,0.084652
10,0.084652
10,0.0846518
10,0.0846518
10,0.0846519
10,0.0846521
10,0.0846519
10,0.0846519
10,0.0846517
10,0.0846516
10,0.0846518
10,0.0846518
10,0.0846518
10,0.0846517
10,0.0846516
10,0.0846516
10,0.0846516
10,0.0846519
10,0.0846522
10,0.0846523
10,0.0846519
10,0.084652
10,0.084652
10,0.0846522
10,0.0846523
10,0.0846523
10,0.0846522
10,0.0846521
10,0.0846521
10,0.0846522
10,0.0846522
10,0.0846522
10,0.0846524
10,0.0846526
10,0.0846527
10,0.0846524
10,0.0846524
10,0.0846523
10,0.0846522
10,0.0846521
10,0.084652
10,0.084652
10,0.0846521
10,0.084652
10,0.0846521
10,0.0846522
10,0.0846523
10,0.0846523
10,0.0846523
10,0.0846523
10,0.0846524
10,0.0846525
10,0.0846524
10,0.0846526
10,0.0846528
10,0.0846528
10,0.0846528
10,0.0846527
10,0.0846523
10,0.0846521
10,0.0846523
10,0.0846523
10,0.0846524
10,0.0846525
10,0.0846525
10,0.0846526
10,0.0846524
10,0.0846527
10,0.0846526
10,0.0846524
10,0.0846526
10,0.0846526
10,0.0846527
10,0.0846528
10,0.0846526
10,0.0846525
10,0.0846524
10,0.0846524
10,0.0846524
10,0.0846523
10,0.0846523
10,0.0846524
10,0.0846524
10,0.0846523
10,0.0846524
10,0.0846521
10,0.0846524
10,0.0846527
10,0.0846527
10,0.0846526
10,0.0846525
10,0.0846527
10,0.0846528
10,0.0846528
10,0.0846531
10,0.0846529
10,0.0846527
10,0.0846529
10,0.0846528
10,0.0846527
10,0.0846526
10,0.0846525
10,0.0846526
10,0.0846526
10,0.0846526
10,0.0846526
10,0.0846528
10,0.084653
10,0.0846533
10,0.084653
10,0.0846532
10,0.0846533
10,0.0846531
10,0.0846531
10,0.084653
10,0.0846528
10,0.084653
10,0.0846531
10,0.0846529
10,0.0846529
10,0.0846534
10,0.0846533
10,0.0846537
10,0.0846535
10,0.0846535
10,0.0846535
10,0.0846533
10,0.084653
10,0.0846529
10,0.0846531
10,0.0846531
10,0.084653
10,0.084653
10,0.0846532
10,0.0846532
10,0.084653
10,0.0846531
10,0.0846531
10,0.084653
10,0.084653
10,0.0846531
10,0.084653
10,0.084653
10,0.0846532
10,0.0846532
10,0.0846531
10,0.0846528
10,0.0846527
10,0.0846526
10,0.0846528
10,0.0846528
10,0.0846531
10,0.0846529
10,0.0846529
10,0.0846533
10,0.0846529
10,0.0846532
10,0.0846532
10,0.0846533
10,0.0846533
10,0.0846534
10,0.0846536
10,0.0846538
10,0.0846538
10,0.0846536
10,0.0846537
10,0.0846538
10,0.0846539
10,0.0846539
10,0.0846536
10,0.0846538
10,0.0846536
10,0.0846533
10,0.0846535
10,0.0846535
10,0.0846534
10,0.0846538
10,0.0846537
10,0.0846533
10,0.0846533
10,0.0846535
10,0.0846538
10,0.0846535
10,0.0846536
10,0.0846535
10,0.0846533
10,0.0846536
10,0.0846535
10,0.0846535
10,0.0846537
10,0.0846538
10,0.0846537
10,0.0846534
10,0.0846537
10,0.0846536
10,0.0846534
10,0.0846537
10,0.0846537
10,0.0846537
10,0.0846535
10,0.0846536
10,0.0846535
10,0.0846536
10,0.0846538
10,0.0846537
10,0.0846538
10,0.0846538
10,0.0846538
10,0.0846539
10,0.0846538
10,0.0846538
10,0.0846539
10,0.0846541
10,0.0846538
10,0.0846538
10,0.0846538
10,0.0846537
10,0.0846537
10,0.0846538
10,0.0846539
10,0.084654
10,0.0846541
10,0.0846539
10,0.0846537
10,0.0846541
10,0.0846542
10,0.0846545
10,0.0846546
10,0.0846544
10,0.0846543
10,0.0846543
10,0.0846541
10,0.084654
10,0.084654
10,0.0846539
10,0.0846541
10,0.0846542
10,0.0846542
10,0.0846544
10,0.0846545
10,0.0846544
10,0.0846546
10,0.0846545
10,0.0846542
10,0.0846543
10,0.0846544
10,0.0846543
10,0.0846542
10,0.084654
10,0.084654
10,0.0846542
10,0.0846545
10,0.0846542
10,0.0846543
10,0.0846541
10,0.0846544
10,0.0846543
10,0.0846543
10,0.0846541
10,0.0846542
10,0.0846543
10,0.0846544
10,0.0846544
10,0.0846546
10,0.0846546
10,0.0846548
10,0.0846546
10,0.0846544
10,0.0846544
10,0.0846544
10,0.0846542
10,0.0846543
10,0.0846544
10,0.0846542
10,0.084654
10,0.0846542
10,0.0846544
10,0.0846542
10,0.0846542
10,0.0846543
10,0.0846544
10,0.0846541
10,0.0846541
10,0.0846539
10,0.084654
10,0.0846543
10,0.0846542
10,0.0846542
10,0.0846542
10,0.0846544
10,0.0846545
10,0.0846545
10,0.0846545
10,0.0846542
10,0.0846543
10,0.0846543
10,0.0846542
10,0.0846545
10,0.0846543
10,0.0846543
10,0.0846542
10,0.0846546
10,0.0846546
10,0.0846546
10,0.0846545
10,0.0846545
10,0.0846545
10,0.0846545
10,0.0846542
10,0.0846544
10,0.0846543
10,0.0846544
10,0.0846542
10,0.0846543
10,0.0846546
10,0.0846545
10,0.0846544
10,0.0846544
10,0.0846543
10,0.0846544
10,0.0846542
10,0.0846544
10,0.0846546
10,0.0846546
10,0.0846542
10,0.0846542
10,0.0846547
10,0.0846545
10,0.0846545
10,0.0846549
10,0.0846545
10,0.0846546
10,0.0846545
10,0.0846547
10,0.0846545
10,0.0846546
10,0.0846545
10,0.0846545
10,0.0846544
10,0.0846546
10,0.0846547
10,0.0846548
10,0.0846547
10,0.0846549
10,0.0846544
10,0.0846545
10,0.0846545
10,0.0846546
10,0.0846547
10,0.0846547
10,0.0846547
10,0.0846545
10,0.0846548
10,0.0846548
10,0.0846546
10,0.0846547
10,0.0846547
10,0.0846544
10,0.0846546
10,0.0846548
10,0.0846548
10,0.0846546
10,0.0846545
10,0.0846546
10,0.0846545
10,0.0846546
10,0.0846546
10,0.084655
10,0.084655
10,0.084655
10,0.0846548
10,0.084655
10,0.0846552
10,0.0846549
10,0.0846551
10,0.084655
10,0.0846551
10,0.0846551
10,0.0846552
10,0.0846552
10,0.0846551
10,0.0846553
10,0.0846554
10,0.0846552
10,0.0846551
10,0.0846551
10,0.0846551
10,0.084655
10,0.0846548
10,0.0846549
10,0.0846547
10,0.0846549
10,0.0846549
10,0.0846551
10,0.0846551
10,0.084655
10,0.0846548
10,0.0846547
10,0.0846547
10,0.0846548
10,0.0846551
10,0.0846554
10,0.0846554
10,0.0846554
10,0.0846553
10,0.0846551
10,0.0846551
10,0.084655
10,0.0846552
10,0.0846548
10,0.0846548
10,0.0846549
10,0.0846548
10,0.0846547
10,0.084655
10,0.0846551
10,0.0846553
10,0.0846554
10,0.0846555
10,0.0846553
10,0.0846553
10,0.0846552
10,0.0846555
10,0.0846555
10,0.0846552
10,0.0846552
10,0.0846554
10,0.0846554
10,0.0846555
10,0.0846555
10,0.0846553
10,0.0846553
10,0.0846553
10,0.0846553
10,0.0846553
10,0.0846552
10,0.0846553
10,0.0846555
10,0.0846553
10,0.0846554
10,0.0846555
10,0.0846555
10,0.0846556
10,0.0846553
10,0.0846554
10,0.0846555
10,0.0846557
10,0.0846558
10,0.0846558
10,0.0846554
10,0.0846555
10,0.0846556
10,0.0846559
10,0.0846558
10,0.0846556
10,0.0846555
10,0.0846557
10,0.0846556
10,0.0846556
10,0.0846555
10,0.0846556
10,0.0846558
10,0.0846558
10,0.084656
10,0.0846559
10,0.0846556
10,0.0846557
10,0.0846554
10,0.0846557
10,0.0846558
10,0.0846557
10,0.084656
10,0.0846559
10,0.0846558
10,0.0846559
10,0.0846559
10,0.0846557
10,0.0846559
10,0.0846559
10,0.0846559
10,0.0846559
10,0.0846559
10,0.0846562
10,0.0846563
10,0.0846561
10,0.0846561
10,0.0846562
10,0.0846561
10,0.0846562
10,0.0846562
10,0.0846564
10,0.0846564
10,0.0846562
10,0.0846561
10,0.0846563
10,0.0846563
10,0.0846564
10,0.0846564
10,0.0846564
10,0.0846564
10,0.0846564
10,0.0846563
10,0.0846565
10,0.0846564
10,0.0846562
10,0.0846561
10,0.0846561
10,0.0846562
10,0.0846563
10,0.0846564
10,0.084656
10,0.0846559
10,0.0846561
10,0.0846564
10,0.0846564
10,0.0846565
10,0.0846563
10,0.0846562
10,0.084656
10,0.084656
10,0.0846561
10,0.0846563
10,0.0846562
10,0.0846562
10,0.0846561
10,0.0846563
10,0.0846564
10,0.0846563
10,0.0846561
10,0.0846563
10,0.0846563
10,0.0846566
10,0.0846566
10,0.0846565
10,0.0846565
10,0.0846565
10,0.0846563
10,0.0846562
10,0.0846562
10,0.0846562
10,0.0846562
10,0.0846563
10,0.0846565
10,0.0846563
10,0.0846561
10,0.0846564
10,0.0846565
10,0.0846566
10,0.0846566
10,0.0846567
10,0.0846565
10,0.0846565
10,0.0846565
10,0.0846563
10,0.0846562
10,0.0846565
10,0.0846566
10,0.0846565
10,0.0846565
10,0.0846565
10,0.0846566
10,0.0846564
10,0.0846564
10,0.0846564
10,0.0846564
10,0.0846564
10,0.0846566
10,0.0846566
10,0.0846566
10,0.0846566
10,0.0846568
10,0.0846567
10,0.0846567
10,0.0846568
10,0.0846568
10,0.0846567
10,0.0846568
10,0.0846567
10,0.0846565
10,0.0846564
10,0.0846566
10,0.0846565
10,0.0846565
10,0.0846567
10,0.0846568
10,0.0846565
10,0.0846567
10,0.0846566
10,0.0846567
10,0.0846569
10,0.0846569
10,0.0846567
10,0.0846565
10,0.0846562
10,0.0846564
10,0.0846564
10,0.0846567
10,0.0846569
10,0.0846567
10,0.0846566
10,0.0846566
10,0.0846567
10,0.084657
10,0.0846571
10,0.0846568
10,0.0846569
10,0.0846567
10,0.0846568
10,0.0846568
10,0.084657
10,0.0846568
10,0.0846569
10,0.0846571
10,0.084657
10,0.0846568
10,0.0846568
10,0.0846568
10,0.084657
10,0.0846569
10,0.0846571
10,0.0846574
10,0.0846574
10,0.0846571
10,0.0846571
10,0.0846571
10,0.084657
10,0.084657
10,0.0846571
10,0.0846572
10,0.0846571
10,0.0846572
10,0.084657
10,0.0846572
10,0.0846571
10,0.0846569
10,0.0846569
10,0.084657
10,0.0846571
10,0.0846571
10,0.084657
10,0.0846571
10,0.0846572
10,0.0846572
10,0.0846572
10,0.084657
10,0.0846573
10,0.0846572
10,0.0846573
10,0.0846573
10,0.0846571
10,0.0846571
10,0.084657
10,0.0846571
10,0.0846569
10,0.0846568
10,0.0846572
10,0.0846569
10,0.0846574
10,0.0846576
10,0.0846575
10,0.0846574
10,0.0846573
10,0.0846576
10,0.0846575
10,0.0846575
10,0.0846574
10,0.0846575
10,0.0846574
10,0.0846573
10,0.0846573
10,0.0846574
10,0.0846573
10,0.0846574
10,0.0846573
10,0.0846574
10,0.0846574
10,0.0846575
10,0.0846574
10,0.0846575
10,0.0846576
10,0.0846576
10,0.0846575
10,0.0846575
10,0.0846575
10,0.0846578
10,0.0846578
10,0.0846576
10,0.0846574
10,0.0846574
10,0.0846574
10,0.0846575
10,0.0846576
10,0.0846574
10,0.0846573
10,0.0846574
10,0.0846576
10,0.0846577
10,0.0846574
10,0.0846574
10,0.0846577
10,0.084658
10,0.0846579
10,0.084658
10,0.084658
10,0.0846579
10,0.0846581
10,0.0846581
10,0.084658
10,0.0846581
10,0.0846578
10,0.0846577
10,0.084658
10,0.084658
10,0.0846578
10,0.084658
10,0.0846581
10,0.0846581
10,0.084658
10,0.0846578
10,0.0846579
10,0.0846581
10,0.0846581
10,0.0846578
10,0.0846579
10,0.084658
10,0.0846578
10,0.0846581
10,0.0846581
10,0.084658
10,0.0846583
10,0.0846584
10,0.0846582
10,0.0846585
10,0.0846585
10,0.0846583
10,0.0846583
10,0.0846582
10,0.0846581
10,0.0846581
10,0.084658
10,0.0846582
10,0.0846581
10,0.084658
10,0.0846577
10,0.0846581
10,0.0846582
10,0.084658
10,0.0846579
10,0.0846581
10,0.0846582
10,0.0846582
10,0.0846583
10,0.0846582
10,0.0846581
10,0.084658
10,0.0846581
10,0.0846583
10,0.0846583
10,0.0846581
10,0.0846581
10,0.0846581
10,0.084658
10,0.0846581
10,0.084658
10,0.084658
10,0.084658
10,0.0846581
10,0.0846579
10,0.0846584
10,0.0846585
10,0.0846584
10,0.0846581
10,0.0846584
10,0.0846582
10,0.0846583
10,0.084658
10,0.0846585
10,0.0846587
10,0.084659
10,0.0846587
10,0.0846584
10,0.0846583
10,0.0846582
10,0.0846583
10,0.0846583
10,0.0846585
10,0.0846583
10,0.0846583
10,0.0846582
10,0.0846583
10,0.0846586
10,0.0846584
10,0.0846585
10,0.0846586
10,0.0846586
10,0.0846585
10,0.0846586
10,0.0846586
10,0.0846588
10,0.0846586
10,0.0846587
10,0.0846586
10,0.0846585
10,0.0846586
10,0.0846586
10,0.0846588
10,0.0846587
10,0.0846586
10,0.0846585
10,0.0846584
10,0.0846586
10,0.0846586
10,0.0846582
10,0.0846584
10,0.0846587
10,0.0846588
10,0.0846588
10,0.0846587
10,0.0846588
10,0.0846589
10,0.0846589
10,0.0846591
10,0.0846591
10,0.0846592
10,0.0846591
10,0.0846591
10,0.084659
10,0.0846587
10,0.0846586
10,0.0846586
10,0.0846588
10,0.084659
10,0.0846588
10,0.0846587
10,0.0846589
10,0.084659
10,0.084659
10,0.084659
10,0.0846592
10,0.084659
10,0.0846588
10,0.084659
10,0.084659
10,0.0846591
10,0.0846591
10,0.084659
10,0.0846589
10,0.084659
10,0.084659
10,0.0846591
10,0.0846592
10,0.0846589
10,0.0846591
10,0.0846591
10,0.0846592
10,0.0846593
10,0.084659
10,0.084659
10,0.0846592
10,0.0846591
10,0.0846593
10,0.0846591
10,0.084659
10,0.0846589
10,0.084659
10,0.084659
10,0.0846591
10,0.084659
10,0.0846589
10,0.0846592
10,0.0846593
10,0.0846593
10,0.0846593
10,0.0846593
10,0.0846593
10,0.0846594
10,0.0846594
10,0.0846592
10,0.0846595
10,0.0846596
10,0.0846596
10,0.0846594
10,0.0846592
10,0.0846591
10,0.0846592
10,0.0846593
10,0.0846592
10,0.0846593
10,0.0846593
10,0.0846594
10,0.0846594
10,0.0846594
10,0.0846594
10,0.0846594
10,0.0846594
10,0.0846594
10,0.0846595
10,0.0846597
10,0.0846597
10,0.0846597
10,0.0846596
10,0.0846593
10,0.0846596
10,0.0846595
10,0.0846595
10,0.0846596
10,0.0846596
10,0.0846595
10,0.0846595
10,0.0846594
10,0.0846595
10,0.0846594
10,0.0846594
10,0.0846598
10,0.0846596
10,0.0846596
10,0.0846596
10,0.0846595
10,0.0846596
10,0.0846597
10,0.0846595
10,0.0846595
10,0.0846597
10,0.0846596
10,0.0846597
10,0.0846597
10,0.0846595
10,0.0846597
10,0.0846597
10,0.0846599
10,0.0846598
10,0.0846595
10,0.0846597
10,0.08466
10,0.08466
10,0.0846599
10,0.0846599
10,0.0846601
10,0.0846601
10,0.0846599
10,0.08466
10,0.08466
10,0.0846602
10,0.0846601
10,0.0846601
10,0.0846602
10,0.0846602
10,0.0846601
10,0.0846601
10,0.08466
10,0.0846602
10,0.0846602
10,0.0846602
10,0.0846605
10,0.0846604
10,0.0846603
10,0.0846603
10,0.0846602
10,0.0846603
10,0.0846605
10,0.0846604
10,0.0846603
10,0.0846603
10,0.0846605
10,0.0846603
10,0.0846601
10,0.0846603
10,0.08466
10,0.0846602
10,0.0846602
10,0.08466
10,0.0846602
10,0.0846601
10,0.0846602
10,0.0846606
10,0.0846606
10,0.0846606
10,0.0846607
10,0.0846604
10,0.0846603
10,0.0846602
10,0.0846599
10,0.0846599
10,0.0846599
10,0.08466
10,0.0846603
10,0.0846602
10,0.08466
10,0.0846601
10,0.0846601
10,0.08466
10,0.0846602
10,0.0846602
10,0.0846601
10,0.0846603
10,0.0846605
10,0.0846604
10,0.0846602
10,0.0846601
10,0.0846602
10,0.08466
10,0.0846601
10,0.0846601
10,0.08466
10,0.0846603
10,0.0846601
10,0.0846601
10,0.0846602
10,0.0846605
10,0.0846604
10,0.0846605
10,0.0846605
10,0.0846606
10,0.0846603
10,0.0846603
10,0.0846604
10,0.0846602
10,0.0846604
10,0.0846605
10,0.0846607
10,0.0846607
10,0.0846607
10,0.0846606
10,0.0846605
10,0.0846606
10,0.0846608
10,0.0846607
10,0.0846608
10,0.0846605
10,0.0846605
10,0.0846605
10,0.0846605
10,0.0846604
10,0.0846607
10,0.0846607
10,0.0846609
10,0.0846611
10,0.0846612
10,0.0846611
10,0.0846612
10,0.084661
10,0.084661
10,0.0846608
10,0.0846609
10,0.0846609
10,0.084661
10,0.0846611
10,0.0846613
10,0.084661
10,0.0846611
10,0.0846611
10,0.0846609
10,0.0846611
10,0.0846612
10,0.0846611
10,0.0846611
10,0.084661
10,0.0846611
10,0.084661
10,0.0846608
10,0.084661
10,0.0846607
10,0.0846608
10,0.0846609
10,0.0846609
10,0.0846608
10,0.0846608
10,0.0846607
10,0.0846608
10,0.0846607
10,0.0846608
10,0.0846609
10,0.0846609
10,0.0846608
10,0.0846607
10,0.0846606
10,0.0846607
10,0.084661
10,0.084661
10,0.084661
10,0.084661
10,0.084661
10,0.0846609
10,0.0846611
10,0.0846611
10,0.0846611
10,0.0846612
10,0.0846613
10,0.0846615
10,0.0846611
10,0.0846609
10,0.0846609
10,0.084661
10,0.0846609
10,0.0846609
10,0.0846611
10,0.0846611
10,0.084661
10,0.0846607
10,0.0846607
10,0.0846611
10,0.084661
10,0.0846612
10,0.0846611
10,0.0846608
10,0.0846609
10,0.0846609
10,0.0846609
10,0.0846611
10,0.0846615
10,0.0846616
10,0.0846613
10,0.0846615
10,0.0846613
10,0.0846613
10,0.0846613
10,0.0846611
10,0.0846611
10,0.0846613
10,0.0846615
10,0.0846613
10,0.0846613
10,0.0846612
10,0.0846611
10,0.0846613
10,0.0846613
10,0.0846613
10,0.0846611
10,0.0846611
10,0.0846611
10,0.0846613
10,0.0846614
10,0.0846613
10,0.0846614
10,0.0846614
10,0.0846618
10,0.0846617
10,0.084662
10,0.0846618
10,0.0846615
10,0.0846614
10,0.0846616
10,0.0846616
10,0.0846616
10,0.0846615
10,0.0846614
10,0.0846614
10,0.0846613
10,0.0846615
10,0.0846615
10,0.0846615
10,0.0846617
10,0.0846618
10,0.0846615
10,0.0846613
10,0.0846613
10,0.0846613
10,0.0846614
10,0.0846615
10,0.0846616
10,0.0846616
10,0.0846616
10,0.0846617
10,0.0846617
10,0.0846618
10,0.0846618
10,0.0846617
10,0.0846616
10,0.0846619
10,0.0846621
10,0.0846617
10,0.0846613
10,0.0846614
10,0.0846615
10,0.0846615
10,0.0846614
10,0.0846614
10,0.0846615
10,0.0846615
10,0.0846616
10,0.0846614
10,0.0846612
10,0.0846613
10,0.0846613
10,0.0846613
10,0.0846611
10,0.0846611
10,0.0846613
10,0.0846612
10,0.0846615
10,0.0846615
10,0.0846616
10,0.0846616
10,0.0846614
10,0.0846613
10,0.084661
10,0.084661
10,0.0846613
10,0.0846613
10,0.0846614
10,0.0846617
10,0.0846615
10,0.0846617
10,0.0846618
10,0.0846617
10,0.0846615
10,0.0846614
10,0.0846618
10,0.0846619
10,0.0846618
10,0.084662
10,0.0846622
10,0.084662
10,0.0846622
10,0.084662
10,0.0846619
10,0.0846619
10,0.0846619
10,0.0846619
10,0.0846619
10,0.0846617
10,0.0846617
10,0.0846618
10,0.084662
10,0.0846618
10,0.0846616
10,0.0846617
10,0.0846617
10,0.0846618
10,0.0846618
10,0.0846618
10,0.0846618
10,0.0846618
10,0.0846621
10,0.0846619
10,0.084662
10,0.0846619
10,0.0846619
10,0.084662
10,0.0846621
10,0.0846621
10,0.0846618
10,0.0846617
10,0.0846619
10,0.0846621
10,0.0846621
10,0.0846621
10,0.0846621
10,0.0846621
10,0.0846621
10,0.0846622
10,0.0846621
10,0.0846621
10,0.0846621
10,0.0846621
10,0.0846623
10,0.0846623
10,0.0846622
10,0.0846622
10,0.0846621
10,0.084662
10,0.0846621
10,0.0846621
10,0.0846623
10,0.0846623
10,0.0846623
10,0.0846624
10,0.0846625
10,0.0846624
10,0.0846622
10,0.0846622
10,0.084662
10,0.0846619
10,0.0846623
10,0.0846621
10,0.0846624
10,0.0846623
10,0.0846623
10,0.0846623
10,0.0846625
10,0.0846625
10,0.0846624
10,0.0846623
10,0.0846622
10,0.0846623
10,0.0846625
10,0.0846624
10,0.0846624
10,0.0846623
10,0.0846623
10,0.0846622
10,0.0846622
10,0.0846624
10,0.0846623
10,0.0846623
10,0.0846623
10,0.0846623
10,0.0846624
10,0.0846626
10,0.0846626
10,0.0846624
10,0.0846625
10,0.0846625
10,0.0846624
10,0.0846624
10,0.0846623
10,0.0846624
10,0.0846624
10,0.0846625
10,0.0846623
10,0.0846621
10,0.0846621
10,0.0846622
10,0.0846622
10,0.084662
10,0.0846623
10,0.0846623
10,0.0846625
10,0.0846625
10,0.0846624
10,0.0846622
10,0.0846625
10,0.0846625
10,0.0846623
10,0.0846621
10,0.0846623
10,0.0846624
10,0.0846624
10,0.0846623
10,0.0846625
10,0.0846624
10,0.0846625
10,0.0846628
10,0.0846626
10,0.0846626
10,0.0846627
10,0.0846628
10,0.0846628
10,0.0846626
10,0.0846627
10,0.0846624
10,0.0846626
10,0.0846627
10,0.0846626
10,0.0846626
10,0.0846629
10,0.0846628
10,0.0846625
10,0.0846622
10,0.0846624
10,0.0846628
10,0.0846628
10,0.0846629
10,0.0846628
10,0.0846627
10,0.0846626
10,0.0846625
10,0.0846626
10,0.0846628
10,0.0846628
10,0.0846627
10,0.0846628
10,0.0846626
10,0.0846628
10,0.0846626
10,0.0846624
10,0.0846626
10,0.0846623
10,0.0846623
10,0.0846625
10,0.0846626
10,0.0846626
10,0.0846627
10,0.0846628
10,0.0846629
10,0.0846628
10,0.0846628
10,0.084663
10,0.0846631
10,0.0846631
10,0.0846632
10,0.084663
10,0.0846629
10,0.0846628
10,0.0846628
10,0.0846628
10,0.0846627
10,0.0846628
10,0.0846629
10,0.0846628
10,0.0846628
10,0.084663
10,0.0846628
10,0.0846629
10,0.0846629
10,0.084663
10,0.0846633
10,0.0846633
10,0.0846629
10,0.084663
10,0.0846629
10,0.0846632
10,0.0846632
10,0.0846627
10,0.084663
10,0.0846629
10,0.084663
10,0.084663
10,0.084663
10,0.0846628
10,0.0846629
10,0.084663
10,0.0846628
10,0.0846628
10,0.084663
10,0.0846631
